filename,ACI,ADI,AEI,BIO,Class,comment
LEEC02__0__20161129_072900_ma.wav,1440.31091159385,1.1213365,0.0935915,7.68874952517452,vire_chiv,group 4
LEEC02__0__20161129_080100_ma.wav,1927.41058930812,1.009181,0.2018635,9.82093989453021,vire_chiv,group 5
LEEC02__0__20161130_063100_ma.wav,695.154033603894,1.1511155,0.0071075,7.11327622575668,vire_chiv,group 1
LEEC02__0__20161202_050100_ma.wav,2878.22408350414,1.121109,0.089513,8.19167672362495,vire_chiv,group 5
LEEC02__0__20161202_072900_ma.wav,0.0,1.1512925,0.0,0.0,vire_chiv,group 1
LEEC02__0__20161202_080100_ma.wav,956.798373655874,1.0321085,0.17708,8.09210883132552,vire_chiv,group 3
LEEC02__0__20161203_063100_ma.wav,904.005744911317,1.132232,0.068266,7.11977790798442,vire_chiv,group 3
LEEC02__0__20161203_064400_ma.wav,3134.80419110731,1.150031,0.0172555,6.71174273601271,vire_chiv,group 5
LEEC02__0__20161206_051400_ma.wav,770.315612526024,1.151026,0.0085345,6.65304530613271,vire_chiv,group 2
LEEC02__0__20161207_051400_ma.wav,1060.50152815273,1.151252,0.00355,6.44186719623428,vire_chiv,group 3
LEEC02__0__20161208_063100_ma.wav,1218.52521035718,1.145859,0.0369305,7.32828130341194,vire_chiv,group 4
LEEC02__0__20161209_063100_ma.wav,754.669263017768,1.1504915,0.014949,6.00689584854463,vire_chiv,group 2
LEEC02__0__20161210_055900_ma.wav,319.180339680285,1.143281,0.045108,6.65404539803355,vire_chiv,group 1
LEEC02__0__20161210_071600_ma.wav,1115.8944257114,1.1414515,0.050604,7.23881838794023,vire_chiv,group 3
LEEC02__0__20170102_050100_br.wav,896.560602645577,1.133926,0.066166,7.46799460688872,vire_chiv,group 3
LEEC02__0__20170104_050100_br.wav,530.203105848603,1.1085875,0.1062605,6.66633684497095,vire_chiv,group 1
LEEC02__0__20170108_050100_aa.wav,5858.19274383355,0.8707965,0.2780185,7.58974852956151,vire_chiv,group 5
LEEC02__0__20170115_051400_br.wav,692.897371857888,1.0962005,0.1217195,7.33551225575205,vire_chiv,group 1
LEEC02__0__20170121_051400_aa.wav,620.336729226855,1.0584065,0.142835,7.6275741564397,vire_chiv,group 1
LEEC03__0__20161026_071600_ma.wav,4227.35073324981,1.122361,0.0865395,7.23334974578552,vire_chiv,group 5
LEEC03__0__20161028_055900_ma.wav,1129.7664240672,1.1510255,0.008889,7.37881031430036,vire_chiv,group 4
LEEC03__0__20161028_063100_ma.wav,1707.99925446786,1.1512375,0.004143,5.76702409186299,vire_chiv,group 4
LEEC03__0__20161029_054600_ma.wav,10227.9358972289,1.1422475,0.0480785,7.34904685787698,vire_chiv,group 5
LEEC03__0__20161029_071600_ma.wav,4296.53898048093,1.1493705,0.0242445,6.22117762792075,vire_chiv,group 5
LEEC03__0__20161030_072900_ma.wav,1677.33587214965,1.1509305,0.009875,6.22303226348625,vire_chiv,group 4
LEEC03__0__20161031_055900_ma.wav,718.509688554071,1.146882,0.034621,7.50381398297027,vire_chiv,group 2
LEEC03__0__20161031_064400_ma.wav,12468.2738102456,0.989338,0.209227,10.0563863425058,vire_chiv,group 5
LEEC03__0__20161031_071600_ma.wav,1058.37445542503,1.151286,0.0013715,5.16926016887082,vire_chiv,group 3
LEEC03__0__20161031_080100_ma.wav,1782.20077034576,1.1504925,0.014367,6.60209506604165,vire_chiv,group 4
LEEC03__0__20161101_051400_ma.wav,3959.09822706223,1.116547,0.092058,7.87076193808662,vire_chiv,group 5
LEEC03__0__20161101_063100_ma.wav,11974.5619773227,1.123381,0.09119,8.71142547036392,vire_chiv,group 5
LEEC03__0__20161102_051400_ma.wav,891.29230911814,1.151291,0.0006975,4.50430020959395,vire_chiv,group 3
LEEC03__0__20161103_054600_ma.wav,1963.53607134896,0.7914165,0.296726,8.90045109443832,vire_chiv,group 5
LEEC03__0__20161103_055900_ma.wav,747.694419356192,1.14649,0.035742,8.29903194619684,vire_chiv,group 2
LEEC03__0__20161105_064400_ma.wav,589.675806103257,1.1512555,0.003294,5.70193874357561,vire_chiv,group 1
LEEC03__0__20161105_071600_ma.wav,868.332689969661,1.1510445,0.0078315,5.74205691527874,vire_chiv,group 2
LEEC03__0__20161106_064400_ma.wav,901.070408594561,1.1508245,0.010141,6.36886902507324,vire_chiv,group 3
LEEC03__0__20161106_081400_ma.wav,1138.33196713809,0.7832795,0.3001615,11.6505307105484,vire_chiv,group 4
LEEC03__0__20161107_050100_ma.wav,859.112634389248,1.1501145,0.016529,7.19179532385185,vire_chiv,group 2
LEEC03__0__20161107_081400_ma.wav,802.636421659789,1.1492255,0.022782,6.92327140629518,vire_chiv,group 2
LEEC03__0__20161109_055900_ma.wav,880.859120116152,1.1512875,0.0010635,4.68528908644891,vire_chiv,group 2
LEEC03__0__20161110_051400_ma.wav,1220.05870390655,1.149475,0.0234965,7.50884189757128,vire_chiv,group 4
LEEC03__0__20161111_051400_ma.wav,693.702815398648,1.1511935,0.004751,5.5661921965812,vire_chiv,group 1
LEEC03__0__20161111_054600_ma.wav,716.127658117934,1.15079,0.0105905,6.48203540196214,vire_chiv,group 2
LEEC03__0__20161111_063100_ma.wav,954.600674451296,1.0290605,0.1891265,7.1359357945846,vire_chiv,group 3
LEEC03__0__20161111_081400_ma.wav,2721.16816805108,0.8593335,0.2859235,8.66944964749803,vire_chiv,group 5
LEEC03__0__20161112_055900_ma.wav,1220.2832932322,1.1511225,0.0068135,7.14631996476313,vire_chiv,group 4
LEEC03__0__20161116_064400_ma.wav,900.594834141488,1.1511545,0.0064455,7.15050934711507,vire_chiv,group 3
LEEC03__0__20161117_063100_ma.wav,4532.02202579831,0.731214,0.335281,8.4950230622192,vire_chiv,group 5
LEEC03__0__20161117_071600_ma.wav,846.175767729132,1.15126,0.003152,6.37686472275244,vire_chiv,group 2
LEEC03__0__20161118_063100_ma.wav,1184.60574523697,1.1029615,0.1199745,9.0451413580809,vire_chiv,group 4
LEEC03__0__20161118_080100_ma.wav,5356.88367903173,1.0758505,0.1472685,8.51383363544858,vire_chiv,group 5
LEEC03__0__20161118_081400_ma.wav,348.825987468517,1.1009525,0.113525,8.35225791567132,vire_chiv,group 1
LEEC03__0__20161119_055900_ma.wav,796.35852368047,1.056573,0.162245,8.47923400580881,vire_chiv,group 2
LEEC03__0__20161119_071600_ma.wav,1088.61752526927,1.0411535,0.179345,9.87107333619202,vire_chiv,group 3
LEEC03__0__20161120_051400_ma.wav,3664.11219868261,0.958191,0.2255045,7.93640249396883,vire_chiv,group 5
LEEC03__0__20161120_072900_ma.wav,1925.59562632478,0.936533,0.2420915,9.0582413079588,vire_chiv,group 5
LEEC03__0__20161123_050100_aa.wav,1383.62237260803,0.741901,0.3148105,11.3942693550847,vire_chiv,group 4
LEEC03__0__20161123_055900_aa.wav,887.836989636356,1.123196,0.087775,8.40882383817017,vire_chiv,group 3
LEEC03__0__20161125_064400_aa.wav,592.061744844606,1.1510655,0.007585,6.3952093193096,vire_chiv,group 1
LEEC03__0__20161125_072900_aa.wav,674.30451011896,1.0294825,0.162155,7.58403785275669,vire_chiv,group 1
LEEC03__0__20161127_054600_aa.wav,804.90462659324,1.151275,0.0022085,5.36272513481684,vire_chiv,group 2
LEEC03__0__20161201_064400_aa.wav,900.2572789626,0.5226315,0.3764385,10.7493105285251,vire_chiv,group 3
LEEC03__0__20161203_055900_aa.wav,2971.33763495787,1.1413745,0.0496795,7.38880375551822,vire_chiv,group 5
LEEC03__0__20161203_064400_aa.wav,1119.80275268765,1.14861,0.0257875,6.67952530158719,vire_chiv,group 3
LEEC03__0__20161204_081400_aa.wav,1130.47760641176,0.9638985,0.2149795,7.77981655898777,vire_chiv,group 4
LEEC03__0__20161205_063100_aa.wav,987.21037184029,1.1512895,0.0009565,4.84274085831575,vire_chiv,group 3
LEEC03__0__20170101_072900_br.wav,858.178360425411,1.1486145,0.026279,6.96400027777036,vire_chiv,group 2
LEEC03__0__20170102_051400_br.wav,612.106082859124,1.149487,0.020734,6.78817104340326,vire_chiv,group 1
LEEC03__0__20170105_064400_br.wav,933.55394809695,1.0809085,0.1262825,7.22977855575282,vire_chiv,group 3
LEEC03__0__20170105_072900_br.wav,488.304190484421,1.151199,0.005064,5.54507646863424,vire_chiv,group 1
LEEC03__0__20170106_051400_br.wav,1162.92388289162,1.049711,0.169094,12.0577519854071,vire_chiv,group 4
LEEC03__0__20170106_054600_br.wav,2126.3911747186,1.11803,0.0934165,8.02253336934448,vire_chiv,group 5
LEEC03__0__20170108_064400_br.wav,650.446042945023,1.14562,0.038763,7.28467791413049,vire_chiv,group 1
LEEC03__0__20170109_063100_br.wav,499.201903773392,1.08509,0.1347485,8.35064776840118,vire_chiv,group 1
LEEC03__0__20170110_071600_br.wav,697.978529604069,1.1426485,0.045581,7.14648663206091,vire_chiv,group 1
LEEC03__0__20170111_064400_br.wav,531.013384363481,1.1164485,0.0916515,7.61930327651861,vire_chiv,group 1
LEEC03__0__20170111_080100_br.wav,787.652486559168,1.0249975,0.173241,8.17706568951301,vire_chiv,group 2
LEEC05__0__20161022_051400_ma.wav,371.440275124293,1.118398,0.0900265,7.79556838256846,vire_chiv,group 1
LEEC05__0__20161022_080100_ma.wav,1191.26713188793,1.071181,0.138812,8.12567768343087,vire_chiv,group 4
LEEC05__0__20161129_072900_aa.wav,646.835645824089,1.1469175,0.0334535,7.13186011252486,vire_chiv,group 1
LEEC05__0__20161129_080100_aa.wav,4825.73332374734,1.1265665,0.0843185,7.56976467804183,vire_chiv,group 5
LEEC05__0__20161130_064400_aa.wav,746.399202636745,1.138571,0.054747,7.28210044530519,vire_chiv,group 2
LEEC05__0__20161201_081400_aa.wav,655.108858417251,1.1181385,0.0956705,7.30496024058574,vire_chiv,group 1
LEEC05__0__20161202_071600_aa.wav,759.722267211056,1.1507345,0.0120645,7.07207836690606,vire_chiv,group 2
LEEC05__0__20161202_072900_aa.wav,775.917327363822,0.9814975,0.2046925,7.65421542164543,vire_chiv,group 2
LEEC05__0__20161203_055900_aa.wav,8047.43949621324,0.9667665,0.229405,8.42178369764647,vire_chiv,group 5
LEEC05__0__20161204_055900_aa.wav,763.170279932818,1.12748,0.075271,7.25450459940019,vire_chiv,group 2
LEEC05__0__20161205_072900_aa.wav,1183.4623973292,1.044182,0.1684275,8.93373319360423,vire_chiv,group 4
LEEC05__0__20161206_072900_aa.wav,1247.1720613046,1.149589,0.020268,7.47013185727518,vire_chiv,group 4
LEEC05__0__20161206_081400_aa.wav,892.099623005707,1.018403,0.192033,8.00430983179255,vire_chiv,group 3
LEEC05__0__20161208_055900_aa.wav,2851.84467045564,0.999381,0.1917085,7.54426958733935,vire_chiv,group 5
LEEC05__0__20161208_072900_aa.wav,949.892314742763,0.923649,0.237455,9.96451653004409,vire_chiv,group 3
LEEC05__0__20161208_081400_aa.wav,928.501717599606,1.149292,0.02294,6.94571114345227,vire_chiv,group 3
LEEC05__0__20161209_064400_aa.wav,1507.1041389015,1.0399645,0.1780135,8.28114332010937,vire_chiv,group 4
LEEC05__0__20161209_081400_aa.wav,5501.41365934008,1.0875435,0.133279,7.33627322868921,vire_chiv,group 5
LEEC05__0__20161210_064400_aa.wav,9598.69654228167,1.0766565,0.1493285,6.90685468196085,vire_chiv,group 5
LEEC05__0__20161212_064400_aa.wav,1116.99577616002,1.1503175,0.0154395,6.64589604857694,vire_chiv,group 3
LEEC05__0__20161218_080100_aa.wav,599.913762328332,1.0911735,0.122621,7.80739168461179,vire_chiv,group 1
LEEC05__0__20161218_081400_aa.wav,579.098873259528,1.1479005,0.028561,7.2418193599315,vire_chiv,group 1
LEEC05__0__20161223_064400_aa.wav,1039.35280600217,1.064158,0.1454155,7.28353152870374,vire_chiv,group 3
LEEC05__0__20170104_072900_br.wav,1808.27111702953,1.1403865,0.0538095,6.98407116936981,vire_chiv,group 4
LEEC05__0__20170105_071600_br.wav,429.168859249963,1.105853,0.1148165,8.74180803830149,vire_chiv,group 1
LEEC05__0__20170106_054600_br.wav,474.305516445669,1.1047685,0.106166,7.08085054846247,vire_chiv,group 1
LEEC05__0__20170107_051400_br.wav,541.366752696145,1.129871,0.075724,7.70512928849581,vire_chiv,group 1
LEEC05__0__20170108_054600_br.wav,769.982436963243,1.1454485,0.03792,7.95579419439138,vire_chiv,group 2
LEEC05__0__20170109_064400_br.wav,1343.4015383647,1.1495205,0.0219225,7.5675231031976,vire_chiv,group 4
LEEC05__0__20170109_072900_br.wav,847.508131149862,1.1495815,0.021262,6.839232183262,vire_chiv,group 2
LEEC05__0__20170110_072900_br.wav,889.312258140814,1.151264,0.0028725,5.08788549454166,vire_chiv,group 3
LEEC05__0__20170119_054600_br.wav,1109.5472424152,1.146816,0.0340205,7.49150850608182,vire_chiv,group 3
LEEC06__0__20161019_080100_ma.wav,1473.71753661524,1.1472145,0.0322565,6.88727911275733,vire_chiv,group 4
LEEC06__0__20161023_055900_ma.wav,3109.88380032477,0.7936855,0.29069,11.6220520086466,vire_chiv,group 5
LEEC06__0__20161023_081400_ma.wav,3890.32859929832,1.08613,0.128189,7.21660332249401,vire_chiv,group 5
LEEC06__0__20161024_064400_ma.wav,5225.34023963797,1.111914,0.1088405,7.69803627342308,vire_chiv,group 5
LEEC06__0__20161029_051400_ma.wav,1060.45854870712,1.1512865,0.0013275,4.70423038940759,vire_chiv,group 3
LEEC06__0__20161029_080100_ma.wav,1337.48286075959,1.1512455,0.003859,5.90825811797905,vire_chiv,group 4
LEEC06__0__20161031_064400_ma.wav,1094.44794420389,0.598614,0.3619705,10.8281834521834,vire_chiv,group 3
LEEC06__0__20161101_063100_ma.wav,1335.32966636199,1.1481005,0.0315725,6.92041401190033,vire_chiv,group 4
LEEC06__0__20161102_051400_ma.wav,974.051485602764,1.1432735,0.045991,7.34536286662545,vire_chiv,group 3
LEEC06__0__20161103_050100_ma.wav,480.632859079137,1.1204695,0.0882825,7.57646329590054,vire_chiv,group 1
LEEC06__0__20161103_051400_ma.wav,411.655944698869,1.118447,0.0870975,7.43484828972363,vire_chiv,group 1
LEEC06__0__20161103_072900_ma.wav,1002.74296656525,1.06614,0.1463155,7.73544927794907,vire_chiv,group 3
LEEC06__0__20161103_080100_ma.wav,3683.72862466236,1.1421685,0.047215,7.15804341907694,vire_chiv,group 5
LEEC06__0__20161103_081400_ma.wav,823.665431517193,1.11024,0.106645,8.36809555054875,vire_chiv,group 2
LEEC06__0__20161106_080100_ma.wav,723.50834681083,1.151281,0.0016,5.54973015001299,vire_chiv,group 2
LEEC06__0__20161107_050100_ma.wav,2003.85958560323,1.119202,0.089791,7.75617845216459,vire_chiv,group 5
LEEC06__0__20161107_064400_ma.wav,1113.31496415622,0.8363245,0.271274,9.95551032759481,vire_chiv,group 3
LEEC06__0__20161107_072900_ma.wav,841.469878739154,1.1467545,0.0363515,8.90168958327098,vire_chiv,group 2
LEEC06__0__20161107_080100_ma.wav,659.740848704515,1.151264,0.0028515,6.52687570625591,vire_chiv,group 1
LEEC06__0__20161109_071600_ma.wav,14306.2761725723,1.079121,0.1462205,8.38743227874664,vire_chiv,group 5
LEEC06__0__20161110_051400_ma.wav,997.08066180138,1.1434975,0.043166,7.25238469864676,vire_chiv,group 3
LEEC06__0__20161110_054600_ma.wav,8006.18480826984,0.724142,0.3346155,8.01800198618785,vire_chiv,group 5
LEEC06__0__20161110_071600_ma.wav,862.624560225325,1.1148135,0.103796,8.77174623517036,vire_chiv,group 2
LEEC06__0__20161110_080100_ma.wav,792.895354966581,1.1082575,0.1032255,7.74960001345829,vire_chiv,group 2
LEEC06__0__20161112_063100_ma.wav,1014.97994474493,1.1508765,0.0103365,6.09758258012684,vire_chiv,group 3
LEEC06__0__20161113_055900_ma.wav,4288.96693407549,1.1286265,0.081321,6.06624837910246,vire_chiv,group 5
LEEC06__0__20161115_050100_ma.wav,874.188080969411,1.146411,0.0344275,6.8391035335023,vire_chiv,group 2
LEEC06__0__20161116_050100_ma.wav,752.25200163776,1.0130705,0.1837395,8.4988654772049,vire_chiv,group 2
LEEC06__0__20161116_081400_ma.wav,16774.8464148041,1.1191695,0.0978285,8.06750613100635,vire_chiv,group 5
LEEC06__0__20161117_072900_ma.wav,1201.13056224651,1.1195425,0.0986475,8.98718213526476,vire_chiv,group 4
LEEC06__0__20161118_064400_ma.wav,973.941197603454,1.1511095,0.006818,6.35239964073947,vire_chiv,group 3
LEEC06__0__20161120_051400_aa.wav,2434.58935992933,0.9449955,0.2438975,8.38741853708583,vire_chiv,group 5
LEEC06__0__20161120_064400_aa.wav,1262.21079675801,0.983701,0.2043695,8.93797869081819,vire_chiv,group 4
LEEC06__0__20161120_071600_aa.wav,1477.04399710076,1.0565515,0.1641295,8.42967944849783,vire_chiv,group 4
LEEC06__0__20161120_072900_aa.wav,1668.21367392004,1.116828,0.1004985,8.27447912907594,vire_chiv,group 4
LEEC06__0__20161121_051400_aa.wav,2425.69799881134,1.0561195,0.161595,8.29082381069731,vire_chiv,group 5
LEEC06__0__20161121_072900_aa.wav,614.830628810208,1.149801,0.018881,6.09773151782046,vire_chiv,group 1
LEEC06__0__20161123_064400_aa.wav,1612.11110837413,1.0094755,0.1919875,7.95874583335292,vire_chiv,group 4
LEEC06__0__20161124_071600_aa.wav,720.008473546149,1.0049035,0.1803505,7.76787127325339,vire_chiv,group 2
LEEC06__0__20161126_054600_aa.wav,591.79334141068,1.1381045,0.055402,7.48648740624735,vire_chiv,group 1
LEEC06__0__20161128_054600_aa.wav,2120.14803791335,1.0055465,0.188739,8.276051817259,vire_chiv,group 5
LEEC06__0__20161129_063100_aa.wav,754.854608812208,1.150192,0.016729,6.65060945328261,vire_chiv,group 2
LEEC06__0__20161129_081400_aa.wav,524.644555711565,1.090354,0.1271295,7.67070582037298,vire_chiv,group 1
LEEC06__0__20161130_080100_aa.wav,780.224119790906,1.151003,0.0086095,6.96332977753833,vire_chiv,group 2
LEEC06__0__20161130_081400_aa.wav,844.972010934948,1.144198,0.0443415,7.28417268751307,vire_chiv,group 2
LEEC06__0__20161202_063100_aa.wav,1050.01102751915,1.1511845,0.005145,6.1245700762532,vire_chiv,group 3
LEEC06__0__20161202_071600_aa.wav,582.992601441717,1.151198,0.0049285,6.78197035471652,vire_chiv,group 1
LEEC06__0__20161202_080100_aa.wav,741.813823177685,1.104013,0.1131695,7.01345042045379,vire_chiv,group 2
LEEC06__0__20161203_064400_aa.wav,1241.07486992196,1.059573,0.151653,8.19685649579703,vire_chiv,group 4
LEEC06__0__20161206_054600_aa.wav,728.342897781937,0.96393,0.22549,8.68527129626972,vire_chiv,group 2
LEEC06__0__20161207_051400_aa.wav,622.19971375502,0.7345505,0.311412,11.2603593582887,vire_chiv,group 1
LEEC06__0__20161211_054600_aa.wav,1079.20785236761,1.148082,0.028133,7.34889807956424,vire_chiv,group 3
LEEC06__0__20161211_080100_aa.wav,1258.40410913296,1.14882,0.027494,8.04417420693503,vire_chiv,group 4
LEEC06__0__20161212_055900_aa.wav,4652.0325419439,1.0706315,0.153525,8.49246372360072,vire_chiv,group 5
LEEC06__0__20161213_051400_aa.wav,772.114157343323,1.1362175,0.0633985,8.07214988659358,vire_chiv,group 2
LEEC06__0__20161213_054600_aa.wav,2981.47380006522,1.147876,0.0304945,6.93102066474915,vire_chiv,group 5
LEEC06__0__20161213_081400_aa.wav,627.372930663856,1.150876,0.0094975,6.53479087156784,vire_chiv,group 1
LEEC06__0__20161214_072900_aa.wav,659.09218302124,1.150146,0.016909,5.86046256975672,vire_chiv,group 1
LEEC06__0__20161215_081400_aa.wav,513.601841584489,1.151243,0.003753,6.15535709926604,vire_chiv,group 1
LEEC06__0__20161216_055900_aa.wav,663.024312287824,0.9816715,0.192451,7.79075906919967,vire_chiv,group 1
LEEC06__0__20161216_064400_aa.wav,554.003566837436,1.1486835,0.0244895,7.16719605943037,vire_chiv,group 1
LEEC06__0__20161218_063100_aa.wav,551.001550066605,0.8019095,0.2875315,9.52320250368418,vire_chiv,group 1
LEEC06__0__20161218_081400_aa.wav,1159.0896534865,0.967648,0.220499,9.88051298811052,vire_chiv,group 4
LEEC06__0__20161219_063100_aa.wav,684.495554375432,1.1496415,0.019813,7.17381569419556,vire_chiv,group 1
LEEC06__0__20170106_055900_br.wav,1928.8172152597,1.1081105,0.1157365,7.26159697131697,vire_chiv,group 5
LEEC06__0__20170108_064400_br.wav,1012.44790809977,1.1512115,0.0046195,6.20178844848018,vire_chiv,group 3
LEEC08__0__20161103_081400_ma.wav,928.440777893565,1.148759,0.0261255,7.63579121014703,vire_chiv,group 3
LEEC08__0__20161126_055900_aa.wav,500.521667188074,1.100266,0.1147995,7.60759603458858,vire_chiv,group 1
LEEC08__0__20170117_080100_br.wav,727.070668922087,1.006934,0.19602,8.15013451018286,vire_chiv,group 2
LEEC09__0__20161023_080100_ma.wav,1054.15433435722,1.0797715,0.143544,10.0615919988026,vire_chiv,group 3
LEEC09__0__20161026_054600_ma.wav,676.570870172111,1.1466535,0.034388,7.39795014449775,vire_chiv,group 1
LEEC09__0__20161027_054600_ma.wav,585.960067008223,1.1463975,0.035766,7.53277044370049,vire_chiv,group 1
LEEC09__0__20161027_072900_ma.wav,543.118352598197,1.14655,0.033292,7.19065620568208,vire_chiv,group 1
LEEC09__0__20161028_054600_ma.wav,784.31434829118,1.151292,0.0002975,4.48083992850374,vire_chiv,group 2
LEEC09__0__20161029_051400_ma.wav,1415.01231747727,0.708226,0.326552,10.0621794535725,vire_chiv,group 4
LEEC09__0__20161029_080100_ma.wav,797.721085632953,1.149628,0.0196185,6.90691946109686,vire_chiv,group 2
LEEC09__0__20161101_050100_ma.wav,1427.88144752667,1.145553,0.0398075,7.14325627323256,vire_chiv,group 4
LEEC09__0__20161101_064400_ma.wav,880.715571230675,1.151292,0.000329,4.34765212757848,vire_chiv,group 2
LEEC09__0__20161101_081400_ma.wav,12302.2992317454,1.111951,0.1008655,6.64236999757203,vire_chiv,group 5
LEEC09__0__20161103_050100_ma.wav,1000.19928425852,1.151108,0.0068145,6.02598575120286,vire_chiv,group 3
LEEC09__0__20161109_055900_ma.wav,663.610818250552,1.1436785,0.044532,7.41138204037335,vire_chiv,group 1
LEEC09__0__20161109_064400_ma.wav,7584.86582222859,0.807597,0.3068995,8.9110585103857,vire_chiv,group 5
LEEC09__0__20161110_064400_ma.wav,4637.93174887073,1.151122,0.007301,5.26167857540614,vire_chiv,group 5
LEEC09__0__20161110_072900_ma.wav,3932.39511299703,1.1256405,0.078653,6.99806904934937,vire_chiv,group 5
LEEC09__0__20161111_051400_ma.wav,2784.3281855235,1.144407,0.042735,7.53888354326966,vire_chiv,group 5
LEEC09__0__20161115_063100_ma.wav,1069.19198376702,1.150425,0.0157635,7.95035677981692,vire_chiv,group 3
LEEC09__0__20161117_063100_ma.wav,691.904083743099,1.0741765,0.136087,7.5611022239791,vire_chiv,group 1
LEEC09__0__20161121_051400_aa.wav,3933.12963387262,0.805366,0.306942,8.060137477052,vire_chiv,group 5
LEEC09__0__20161122_050100_aa.wav,808.731855747671,1.12157,0.085662,7.25529461602893,vire_chiv,group 2
LEEC09__0__20161125_072900_aa.wav,861.872095775202,1.1500865,0.0173835,6.60372080998659,vire_chiv,group 2
LEEC09__0__20161127_051400_aa.wav,1303.34472918282,0.9365595,0.245149,10.4090383903384,vire_chiv,group 4
LEEC09__0__20161209_081400_aa.wav,1105.60942552563,1.145494,0.0414365,7.79530535403469,vire_chiv,group 3
LEEC09__0__20161210_072900_aa.wav,739.550273998819,1.1409175,0.0523415,7.7603960545825,vire_chiv,group 2
LEEC09__0__20161210_080100_aa.wav,970.72033350563,1.1512815,0.00179,5.43680498365642,vire_chiv,group 3
LEEC09__0__20161213_072900_aa.wav,1059.60569703443,1.138648,0.057363,7.8949593925947,vire_chiv,group 3
LEEC09__0__20161213_080100_aa.wav,951.199317462709,1.1512115,0.0047245,7.02259822594975,vire_chiv,group 3
LEEC09__0__20161214_051400_aa.wav,1048.48417858369,0.968343,0.2150375,4.96612161699911,vire_chiv,group 3
LEEC09__0__20161215_081400_aa.wav,742.424614289068,1.1419155,0.053869,6.7413725388704,vire_chiv,group 2
LEEC09__0__20161218_054600_aa.wav,1022.17870285235,0.8721835,0.2801175,9.94788945722553,vire_chiv,group 3
LEEC09__0__20161219_055900_aa.wav,875.22080948806,0.7171755,0.312491,10.6965455311043,vire_chiv,group 2
LEEC09__0__20161222_051400_aa.wav,616.442783300235,1.1019235,0.1108245,7.823638733243,vire_chiv,group 1
LEEC09__0__20161222_072900_aa.wav,935.527876610558,0.9683215,0.2147715,9.55431939566046,vire_chiv,group 3
LEEC09__0__20161222_080100_aa.wav,928.249042556995,0.623366,0.353442,11.8904327183616,vire_chiv,group 3
LEEC15__0__20161019_064400_ma.wav,687.249519949386,0.934487,0.2342975,8.38828125754092,vire_chiv,group 1
LEEC15__0__20161020_072900_ma.wav,671.646067846127,1.151244,0.0034,5.50564193533739,vire_chiv,group 1
LEEC15__0__20161021_072900_ma.wav,635.939609963866,0.971519,0.2177915,7.10325006064324,vire_chiv,group 1
LEEC15__0__20161022_063100_ma.wav,1120.05050642519,0.875202,0.256052,10.0753965190838,vire_chiv,group 3
LEEC15__0__20161024_054600_ma.wav,755.939491975576,1.0579075,0.1496025,7.26895501351434,vire_chiv,group 2
LEEC15__0__20161026_080100_ma.wav,1098.20850433693,1.1499985,0.0187635,6.65118518039387,vire_chiv,group 3
LEEC15__0__20161027_055900_ma.wav,766.455884365101,1.1504825,0.0142485,6.33391219326645,vire_chiv,group 2
LEEC15__0__20161115_071600_ma.wav,855.112103314211,1.1472875,0.030899,6.88142329551149,vire_chiv,group 2
LEEC15__0__20161127_081400_aa.wav,786.012247899552,1.149177,0.022284,6.84238951502376,vire_chiv,group 2
LEEC15__0__20161216_054600_aa.wav,754.366293384533,1.102849,0.1068945,7.2644869902263,vire_chiv,group 2
LEEC15__0__20161216_063100_aa.wav,468.001039183259,1.088314,0.12173,7.53459187218631,vire_chiv,group 1
LEEC15__0__20161220_050100_aa.wav,540.708169029239,1.144046,0.042893,7.46987236300115,vire_chiv,group 1
LEEC18__0__20161019_064400_ma.wav,679.900288110093,1.1512545,0.0029555,5.32972046288747,vire_chiv,group 1
LEEC18__0__20161020_081400_ma.wav,2926.73207121637,1.0934305,0.1194455,7.71412179640235,vire_chiv,group 5
LEEC18__0__20161022_055900_ma.wav,4258.34962661409,0.9761955,0.221899,9.4363663213468,vire_chiv,group 5
LEEC18__0__20161030_055900_ma.wav,497.27181660947,1.1480905,0.028755,7.59677434205462,vire_chiv,group 1
LEEC18__0__20161031_050100_ma.wav,891.216248837862,1.149821,0.020162,7.50695746471257,vire_chiv,group 3
LEEC18__0__20161102_055900_ma.wav,728.559812010233,1.149181,0.023301,7.30539967703244,vire_chiv,group 2
LEEC18__0__20161103_055900_ma.wav,1087.08949781136,1.012123,0.1899095,7.81845744346578,vire_chiv,group 3
LEEC18__0__20161104_064400_ma.wav,970.95023072553,1.1196525,0.0931595,8.86696113337123,vire_chiv,group 3
LEEC18__0__20161106_050100_ma.wav,929.859787845317,1.1511485,0.0057315,6.62250995854584,vire_chiv,group 3
LEEC18__0__20161107_080100_ma.wav,1010.19578882186,1.150982,0.0088695,6.17742013330622,vire_chiv,group 3
LEEC18__0__20161107_081400_ma.wav,523.422850604931,1.133889,0.0649675,7.49127347782551,vire_chiv,group 1
LEEC18__0__20161111_051400_ma.wav,925.592163818206,1.1498435,0.0188645,7.10520163678233,vire_chiv,group 3
LEEC18__0__20161113_054600_ma.wav,2752.27190962712,1.148295,0.0289045,7.81381447075387,vire_chiv,group 5
LEEC18__0__20161113_071600_ma.wav,899.100127512239,1.1510245,0.0083855,6.84409586849755,vire_chiv,group 3
LEEC18__0__20161116_051400_ma.wav,3144.33973729657,0.8134515,0.2959745,8.56084148110561,vire_chiv,group 5
LEEC18__0__20161116_080100_ma.wav,1066.03795043835,1.089908,0.129041,8.03863584595443,vire_chiv,group 3
LEEC18__0__20161117_072900_ma.wav,758.452889173775,1.1512365,0.0038085,6.51007101700393,vire_chiv,group 2
LEEC18__0__20161118_050100_ma.wav,4191.62729863524,1.14984,0.019951,7.86647512795984,vire_chiv,group 5
LEEC18__0__20161121_080100_aa.wav,745.132999438764,1.15039,0.0150175,6.95047224104192,vire_chiv,group 2
LEEC18__0__20161121_081400_aa.wav,934.337072803659,1.1260995,0.0764165,8.32993082609142,vire_chiv,group 3
LEEC18__0__20161123_055900_aa.wav,2306.28430933868,1.0734975,0.1374495,7.24080791077302,vire_chiv,group 5
LEEC18__0__20161123_071600_aa.wav,6243.61671683354,0.997484,0.214894,8.38117204117563,vire_chiv,group 5
LEEC18__0__20161124_054600_aa.wav,1221.7364161239,1.107806,0.1173845,8.55569793127954,vire_chiv,group 4
LEEC18__0__20161125_080100_aa.wav,1145.88446963862,1.151088,0.0073365,6.89500189262955,vire_chiv,group 4
LEEC18__0__20161126_054600_aa.wav,733.358281690481,1.1492255,0.022389,6.39792181617747,vire_chiv,group 2
LEEC18__0__20161128_064400_aa.wav,2363.7079730466,1.0011715,0.1995515,8.05837766598499,vire_chiv,group 5
LEEC18__0__20161128_080100_aa.wav,988.838918169464,1.149227,0.022116,6.66926591757412,vire_chiv,group 3
LEEC18__0__20161130_064400_aa.wav,525.267151602252,1.131658,0.06829,7.40703920887387,vire_chiv,group 1
LEEC18__0__20161201_080100_aa.wav,8825.28480345935,1.025196,0.188632,8.14004396616241,vire_chiv,group 5
LEEC18__0__20161202_054600_aa.wav,832.345989059997,1.151161,0.005708,6.26040298085582,vire_chiv,group 2
LEEC18__0__20161202_071600_aa.wav,603.752001577407,1.1512455,0.0034425,6.30759245092662,vire_chiv,group 1
LEEC18__0__20161202_080100_aa.wav,1137.14833733728,0.919152,0.245051,8.17259397939833,vire_chiv,group 4
LEEC18__0__20161203_050100_aa.wav,845.840029759058,1.1488385,0.025468,6.43809581797219,vire_chiv,group 2
LEEC18__0__20161203_064400_aa.wav,6408.03637668737,1.1126155,0.1039535,7.4408623241381,vire_chiv,group 5
LEEC18__0__20161203_081400_aa.wav,1263.22304421717,1.112178,0.104468,7.78839126553575,vire_chiv,group 4
LEEC18__0__20161204_064400_aa.wav,864.41187265253,1.150352,0.0156515,7.54415789976249,vire_chiv,group 2
LEEC18__0__20161205_071600_aa.wav,617.37159797124,1.1410425,0.050697,8.03081431422585,vire_chiv,group 1
LEEC18__0__20161206_063100_aa.wav,8645.2657855611,1.1335395,0.0708765,7.85041241436957,vire_chiv,group 5
LEEC18__0__20161207_080100_aa.wav,2844.97610433873,1.1512875,0.001218,4.67090708602455,vire_chiv,group 5
LEEC18__0__20161209_054600_aa.wav,3289.107208609,1.131762,0.067538,6.99669587540607,vire_chiv,group 5
LEEC18__0__20161209_055900_aa.wav,3427.31066666401,1.1501915,0.018161,7.07548461714613,vire_chiv,group 5
LEEC18__0__20161209_081400_aa.wav,2763.92207465841,1.1512735,0.0023555,5.6722750218699,vire_chiv,group 5
LEEC18__0__20161210_064400_aa.wav,801.905553750176,1.151231,0.004097,5.96703012952488,vire_chiv,group 2
LEEC18__0__20161210_071600_aa.wav,698.012909101128,1.149787,0.019629,7.03548460326451,vire_chiv,group 1
LEEC18__0__20161212_080100_aa.wav,1497.13330077781,0.631108,0.357449,9.1357901459541,vire_chiv,group 4
LEEC18__0__20161213_050100_aa.wav,483.263512342944,1.1485815,0.024687,7.17831003094144,vire_chiv,group 1
LEEC18__0__20161213_051400_aa.wav,705.718097717446,1.090499,0.1380085,8.07000546441894,vire_chiv,group 2
LEEC18__0__20161213_071600_aa.wav,6310.50889024706,0.923763,0.252146,8.58564969484082,vire_chiv,group 5
LEEC18__0__20161215_055900_aa.wav,1113.83113135642,0.966788,0.207759,6.9946371788858,vire_chiv,group 3
LEEC18__0__20161216_055900_aa.wav,597.068842227132,1.12376,0.085263,7.40567183251958,vire_chiv,group 1
LEEC18__0__20161216_063100_aa.wav,1298.52085294934,1.048726,0.176555,7.53399291128108,vire_chiv,group 4
LEEC18__0__20161218_055900_aa.wav,1270.44529011555,1.062996,0.1555875,8.36046673434176,vire_chiv,group 4
LEEC18__0__20161218_081400_aa.wav,577.261178347843,1.1474045,0.0312425,7.38580596046326,vire_chiv,group 1
LEEC18__0__20161219_050100_aa.wav,1404.3309580702,0.9470945,0.240518,9.08564118009658,vire_chiv,group 4
LEEC18__0__20161220_081400_aa.wav,837.716708382628,1.1468595,0.034497,7.37388544354688,vire_chiv,group 2
LEEC18__0__20161221_064400_aa.wav,661.224018053589,1.1426205,0.049004,7.73830066168233,vire_chiv,group 1
LEEC18__0__20161229_051400_br.wav,433.635315777332,1.0851705,0.1195785,7.58905373417646,vire_chiv,group 1
LEEC18__0__20170107_071600_br.wav,759.065783664222,1.15045,0.015254,6.81667744279333,vire_chiv,group 2
LEEC21__0__20161020_054600_ma.wav,1403.2045034521,1.1463955,0.034545,6.91005534222647,vire_chiv,group 4
LEEC21__0__20161022_055900_ma.wav,5867.22866043205,1.083102,0.1333365,9.74260336631707,vire_chiv,group 5
LEEC21__0__20161022_063100_ma.wav,4240.89675177705,1.085525,0.138555,7.38519815689709,vire_chiv,group 5
LEEC21__0__20161024_063100_ma.wav,1751.93140593893,0.825136,0.2832345,9.79895045418906,vire_chiv,group 4
LEEC21__0__20161024_072900_ma.wav,718.469194756355,0.9728925,0.1930935,7.57039786806347,vire_chiv,group 2
LEEC21__0__20161025_064400_ma.wav,964.83003192694,1.1509715,0.00895,6.60317275452236,vire_chiv,group 3
LEEC21__0__20161028_051400_ma.wav,2963.91483434306,1.151121,0.0070295,6.54592001483196,vire_chiv,group 5
LEEC21__0__20161102_051400_ma.wav,1100.95903414015,0.9752605,0.21713,9.21493113698697,vire_chiv,group 3
LEEC21__0__20161104_051400_ma.wav,1152.09733268742,1.1140115,0.101016,7.69938074449124,vire_chiv,group 4
LEEC21__0__20161107_071600_ma.wav,725.648943350797,1.1512815,0.001763,4.64882905386119,vire_chiv,group 2
LEEC21__0__20161108_050100_ma.wav,978.146754826973,1.1508815,0.0108395,6.25962192640939,vire_chiv,group 3
LEEC21__0__20161108_055900_ma.wav,7548.49194173709,1.117559,0.0970785,7.59871437801195,vire_chiv,group 5
LEEC21__0__20161109_054600_ma.wav,406.403676587347,1.1512215,0.0041975,5.62746202512197,vire_chiv,group 1
LEEC21__0__20161115_080100_ma.wav,432.208504595144,1.1499225,0.0178365,7.27714591577527,vire_chiv,group 1
LEEC21__0__20161116_063100_ma.wav,3013.52251174395,1.0594475,0.147056,7.04890192886093,vire_chiv,group 5
LEEC21__0__20161117_051400_ma.wav,860.52720557015,1.1504235,0.01558,6.86583099781746,vire_chiv,group 2
LEEC21__0__20161119_051400_ma.wav,5306.89407084801,1.040587,0.1809015,8.56633835787202,vire_chiv,group 5
LEEC21__0__20161129_081400_aa.wav,675.777280037107,1.1206795,0.09426,7.46323551737105,vire_chiv,group 1
LEEC21__0__20170101_072900_br.wav,950.345057897602,0.988784,0.203381,8.2598980274621,vire_chiv,group 3
LEEC21__0__20170102_063100_br.wav,568.4499387191,1.15129,0.0006955,3.57018325165696,vire_chiv,group 1
LEEC21__0__20170108_064400_br.wav,658.810182207563,1.0897305,0.1298895,8.73961732123356,vire_chiv,group 1
LEEC21__0__20170109_054600_br.wav,431.635527457974,1.1478145,0.0277735,7.47996065224859,vire_chiv,group 1
LEEC21__0__20170112_055900_br.wav,710.980271008299,1.147433,0.031306,7.89112945117652,vire_chiv,group 2
LEEC23__0__20161020_054600_ma.wav,822.483129853502,1.079713,0.141107,8.00280546567139,vire_chiv,group 2
LEEC23__0__20161020_071600_ma.wav,856.778007400593,1.1504895,0.015024,7.32966734230049,vire_chiv,group 2
LEEC23__0__20161105_055900_ma.wav,1276.15928085368,1.121002,0.0869,7.52875883128318,vire_chiv,group 4
LEEC23__0__20161108_064400_ma.wav,797.262136971658,1.1470505,0.0328985,7.16222843838043,vire_chiv,group 2
LEEC23__0__20161110_054600_ma.wav,1284.09252357181,1.1317565,0.074199,10.2282483755051,vire_chiv,group 4
LEEC23__0__20161110_071600_ma.wav,983.407871496787,1.151134,0.0070665,5.8537522910882,vire_chiv,group 3
LEEC23__0__20161110_081400_ma.wav,1254.65459016131,1.1509725,0.010045,7.12949307405183,vire_chiv,group 4
LEEC23__0__20161112_080100_ma.wav,1005.75341147407,1.1512185,0.004659,6.2010308426338,vire_chiv,group 3
LEEC23__0__20161117_080100_ma.wav,1926.96737759911,0.6849165,0.337973,9.42361568941116,vire_chiv,group 5
LEEC23__0__20161119_063100_ma.wav,4342.99092486277,1.1464925,0.036189,7.30800579593391,vire_chiv,group 5
LEEC23__0__20161122_072900_aa.wav,771.244728027504,1.063414,0.1488735,7.38461459886693,vire_chiv,group 2
LEEC23__0__20161124_080100_aa.wav,523.229408416987,1.147855,0.0282655,6.59756237129466,vire_chiv,group 1
LEEC23__0__20161125_050100_aa.wav,896.347026648018,1.124463,0.0825245,7.85288316180742,vire_chiv,group 3
LEEC23__0__20161128_072900_aa.wav,818.281592987835,1.151253,0.003419,6.1052668951141,vire_chiv,group 2
LEEC23__0__20161129_081400_aa.wav,742.829668563314,1.146599,0.034261,6.9980908574003,vire_chiv,group 2
LEEC23__0__20161207_050100_aa.wav,711.977061638373,1.150287,0.016055,7.50995738552806,vire_chiv,group 2
LEEC23__0__20161207_063100_aa.wav,492.418610888365,1.1512925,0.0001485,3.82069143122771,vire_chiv,group 1
LEEC23__0__20161214_080100_aa.wav,905.071271484401,1.135465,0.0672695,7.23074679902128,vire_chiv,group 3
LEEC23__0__20161214_081400_aa.wav,32352.9150823236,0.8620475,0.280345,8.1112005699324,vire_chiv,group 5
LEEC23__0__20161218_054600_aa.wav,2252.80586561726,0.788551,0.3059305,10.2145594865603,vire_chiv,group 5
LEEC23__0__20161220_055900_aa.wav,879.053362582974,1.1505905,0.01322,6.73080668559312,vire_chiv,group 2
LEEC24__0__20161020_063100_ma.wav,1139.10129540549,1.15098,0.008887,6.7011087586556,vire_chiv,group 4
LEEC24__0__20161020_071600_ma.wav,917.31287634191,1.1512415,0.0037735,5.79355801980269,vire_chiv,group 3
LEEC24__0__20161021_050100_ma.wav,2139.82197106103,1.1504695,0.0136205,6.86541692953736,vire_chiv,group 5
LEEC24__0__20161022_055900_ma.wav,2048.41715667238,1.106822,0.1156465,8.29396837983558,vire_chiv,group 5
LEEC24__0__20161022_081400_ma.wav,3063.1951915844,1.097398,0.115113,7.43820970267054,vire_chiv,group 5
LEEC24__0__20161023_054600_ma.wav,4571.58382098316,0.9289905,0.253877,8.41648218572347,vire_chiv,group 5
LEEC24__0__20161024_063100_ma.wav,767.466019926722,1.145894,0.036722,6.82137688763108,vire_chiv,group 2
LEEC24__0__20161025_072900_ma.wav,469.08460043814,1.1505035,0.012592,6.9304256369491,vire_chiv,group 1
LEEC24__0__20161028_064400_ma.wav,5903.08736329804,1.109078,0.114093,7.27702183784071,vire_chiv,group 5
LEEC24__0__20161031_064400_ma.wav,4013.97007752125,1.099463,0.1092955,7.17450618325998,vire_chiv,group 5
LEEC24__0__20161031_071600_ma.wav,698.62890920205,1.0991705,0.116212,7.75374306388943,vire_chiv,group 1
LEEC24__0__20161101_064400_ma.wav,3675.66366799019,0.994154,0.2043915,7.94416395010765,vire_chiv,group 5
LEEC24__0__20161102_051400_ma.wav,605.365970271937,1.100617,0.10561,7.38125471167917,vire_chiv,group 1
LEEC24__0__20161120_050100_aa.wav,856.836466933818,1.0418775,0.1754325,8.15446879559714,vire_chiv,group 2
LEEC24__0__20161120_054600_aa.wav,951.6188094405,1.0688145,0.140763,9.03578211652745,vire_chiv,group 3
LEEC24__0__20161120_063100_aa.wav,509.624580028101,1.073508,0.1401825,8.22257930976215,vire_chiv,group 1
LEEC24__0__20161121_050100_aa.wav,1595.32322498423,0.6152865,0.3519885,11.6861696173477,vire_chiv,group 4
LEEC24__0__20161122_071600_aa.wav,875.850231520818,1.000473,0.2000195,7.78255421228326,vire_chiv,group 2
LEEC24__0__20161123_064400_aa.wav,732.562878162591,1.1037525,0.107792,7.05401486185896,vire_chiv,group 2
LEEC24__0__20161126_081400_aa.wav,1026.65966040911,1.1511635,0.005647,5.67622915702941,vire_chiv,group 3
LEEC24__0__20161127_051400_aa.wav,835.72159056085,1.1512735,0.002326,5.34488058202261,vire_chiv,group 2
LEEC24__0__20161127_072900_aa.wav,900.098555380709,1.1460615,0.0349015,7.49892007634842,vire_chiv,group 3
LEEC24__0__20161128_050100_aa.wav,593.996908096965,1.070495,0.1496925,8.08145975089947,vire_chiv,group 1
LEEC24__0__20161128_072900_aa.wav,1259.44384063207,1.0116055,0.1908895,7.76124799126648,vire_chiv,group 4
LEEC24__0__20161130_072900_aa.wav,1154.95176462067,1.151275,0.002301,4.36219341425754,vire_chiv,group 4
LEEC24__0__20161202_081400_aa.wav,896.101651277745,1.149078,0.0235495,8.47770777287307,vire_chiv,group 3
LEEC24__0__20161204_054600_aa.wav,589.942764541665,1.1507265,0.012029,6.5015255535827,vire_chiv,group 1
LEEC24__0__20161204_071600_aa.wav,800.673384971327,0.9182895,0.2472185,7.72487973285451,vire_chiv,group 2
LEEC24__0__20161204_072900_aa.wav,1341.89910977304,0.6809525,0.3307595,11.42384875859,vire_chiv,group 4
LEEC24__0__20161205_063100_aa.wav,989.390911417645,1.151286,0.001368,4.39495373826399,vire_chiv,group 3
LEEC24__0__20161205_072900_aa.wav,541.978590572912,1.127456,0.0757485,7.26898399226598,vire_chiv,group 1
LEEC24__0__20161207_071600_aa.wav,575.842362346821,1.0559095,0.153689,8.31981810820871,vire_chiv,group 1
LEEC24__0__20161214_071600_aa.wav,520.658747900068,1.1418725,0.0466085,7.04896287545727,vire_chiv,group 1
LEEC24__0__20161229_080100_br.wav,1018.90846146129,1.1510135,0.008451,6.21910338519692,vire_chiv,group 3
LEEC24__0__20161230_081400_br.wav,704.480590567692,1.0832825,0.1282485,7.70058783211932,vire_chiv,group 2
LEEC24__0__20161231_054600_br.wav,642.245408971992,1.145524,0.03763,7.37561460805874,vire_chiv,group 1
LEEC24__0__20170101_063100_br.wav,667.146465296149,1.151255,0.00321,5.98292724560971,vire_chiv,group 1
LEEC24__0__20170104_071600_br.wav,959.363836511109,0.838709,0.2924505,12.5462920890497,vire_chiv,group 3
LEEC24__0__20170108_064400_br.wav,882.994398538105,1.1510445,0.0080015,5.82400369571526,vire_chiv,group 2
LEEC24__0__20170111_054600_br.wav,708.412576094459,1.1498665,0.0184085,6.21235913034882,vire_chiv,group 2
LEEC24__0__20170115_055900_br.wav,1031.74872528971,1.0165065,0.1904235,7.61133102846124,vire_chiv,group 3
LEEC26__0__20161025_081400_ma.wav,1408.32233331743,1.042661,0.1796025,9.679671360084,vire_chiv,group 4
LEEC26__0__20161029_072900_ma.wav,2987.13993893495,1.118823,0.0907145,7.21890895557938,vire_chiv,group 5
LEEC26__0__20161030_064400_ma.wav,1137.87089576957,1.15129,0.0009055,4.80201754789946,vire_chiv,group 4
LEEC26__0__20161101_051400_ma.wav,961.365849798099,0.60562,0.3588495,9.8224329459297,vire_chiv,group 3
LEEC26__0__20161103_050100_ma.wav,831.93335771207,1.0785655,0.1487525,8.64089999661576,vire_chiv,group 2
LEEC26__0__20161104_080100_ma.wav,904.097845133454,1.1512415,0.0037445,5.68596880342608,vire_chiv,group 3
LEEC26__0__20161105_055900_ma.wav,537.126073635375,1.147042,0.034069,5.73161558255605,vire_chiv,group 1
LEEC26__0__20161105_071600_ma.wav,1298.24914106693,1.145157,0.0429605,7.75031013942571,vire_chiv,group 4
LEEC26__0__20161105_072900_ma.wav,1633.85083386219,1.140845,0.051248,7.75318534443252,vire_chiv,group 4
LEEC26__0__20161106_051400_ma.wav,3807.67349829461,0.9632935,0.2141125,7.09001465229065,vire_chiv,group 5
LEEC26__0__20161106_055900_ma.wav,3521.81300146268,0.6340855,0.3535835,9.35666119839704,vire_chiv,group 5
LEEC26__0__20161107_055900_ma.wav,2842.81660664722,1.0443085,0.1799945,9.42411577492349,vire_chiv,group 5
LEEC26__0__20161107_080100_ma.wav,1035.61736028717,1.1352765,0.068114,9.10478734628506,vire_chiv,group 3
LEEC26__0__20161109_072900_ma.wav,6145.06439130067,0.72382,0.3307125,9.04697324597756,vire_chiv,group 5
LEEC26__0__20161110_054600_ma.wav,2731.3683722222,1.1387205,0.056977,7.41989752933872,vire_chiv,group 5
LEEC26__0__20161110_055900_ma.wav,2120.81258860358,1.1464415,0.0357565,7.16819893077691,vire_chiv,group 5
LEEC26__0__20161111_072900_ma.wav,674.672382570364,1.141816,0.05056,7.40327727492153,vire_chiv,group 1
LEEC26__0__20161113_055900_ma.wav,519.632679209888,1.124235,0.08265,7.09379659075967,vire_chiv,group 1
LEEC26__0__20161116_051400_ma.wav,615.279266626638,1.077024,0.132754,7.9771146266343,vire_chiv,group 1
LEEC26__0__20161116_072900_ma.wav,3050.94925580629,1.030408,0.175717,8.06688197399767,vire_chiv,group 5
LEEC26__0__20161117_051400_ma.wav,745.698045007451,1.1512575,0.003241,4.59446407205346,vire_chiv,group 2
LEEC26__0__20161118_050100_ma.wav,1395.84320109489,1.146699,0.0350825,8.14616526680063,vire_chiv,group 4
LEEC26__0__20161118_051400_ma.wav,906.082514712454,1.1512905,0.000809,4.43122856168781,vire_chiv,group 3
LEEC26__0__20161118_063100_ma.wav,5726.79230841648,0.95688,0.232295,8.38925715263737,vire_chiv,group 5
LEEC26__0__20161119_071600_ma.wav,1665.34439154058,1.150057,0.0183735,6.26828963769867,vire_chiv,group 4
LEEC26__0__20161119_081400_ma.wav,1388.70274821001,1.131602,0.0715695,7.53699738072364,vire_chiv,group 4
LEEC26__0__20161121_054600_ma.wav,1232.72354293297,1.1512615,0.0030765,4.7152570993438,vire_chiv,group 4
LEEC26__0__20161121_064400_ma.wav,1255.14643791472,1.146435,0.034714,7.49939398057233,vire_chiv,group 4
LEEC26__0__20161121_071600_ma.wav,2213.31956776459,1.1348505,0.0654225,7.25122151759616,vire_chiv,group 5
LEEC26__0__20161121_080100_ma.wav,1183.76847299678,1.1057475,0.102657,6.57607108149699,vire_chiv,group 4
LEEC26__0__20161224_071600_aa.wav,975.248481222112,1.150903,0.0103335,6.34027914834793,vire_chiv,group 3
LEEC26__0__20161227_055900_aa.wav,2542.07575314996,0.97023,0.214638,7.91338881419013,vire_chiv,group 5
LEEC26__0__20161230_050100_br.wav,3226.35553276301,1.0111775,0.195344,8.13334063595351,vire_chiv,group 5
LEEC26__0__20161230_081400_br.wav,424.254300867744,1.135317,0.0653315,7.44477383284285,vire_chiv,group 1
LEEC26__0__20161231_050100_br.wav,808.115264993605,1.0542585,0.1587495,9.20924801702516,vire_chiv,group 2
LEEC26__0__20161231_063100_br.wav,988.463355652197,0.928191,0.245602,8.77964590659882,vire_chiv,group 3
LEEC26__0__20170101_054600_br.wav,9275.0645141871,1.039558,0.1798005,8.50770734681104,vire_chiv,group 5
LEEC26__0__20170102_071600_br.wav,3284.5800838844,1.1436005,0.0449175,7.6502910116071,vire_chiv,group 5
LEEC26__0__20170104_050100_br.wav,1076.8786692503,1.103902,0.11767,8.96118695396214,vire_chiv,group 3
LEEC26__0__20170104_055900_br.wav,968.0369834163,1.13778,0.0560555,7.21448441095029,vire_chiv,group 3
LEEC26__0__20170104_063100_br.wav,828.660195595592,1.150504,0.0139495,7.03914316593711,vire_chiv,group 2
LEEC26__0__20170104_081400_br.wav,762.694002456755,1.1507965,0.0113105,7.09522215368882,vire_chiv,group 2
LEEC26__0__20170108_063100_br.wav,1200.70343322719,1.1489495,0.0245005,7.09172814139623,vire_chiv,group 4
LEEC26__0__20170108_064400_br.wav,1339.57699970674,1.1334515,0.066537,7.32713845773899,vire_chiv,group 4
LEEC26__0__20170108_081400_br.wav,693.801918862094,1.136946,0.0600535,7.10045097087699,vire_chiv,group 1
LEEC26__0__20170109_071600_br.wav,1028.79132823963,1.1506355,0.013136,6.1855964105328,vire_chiv,group 3
LEEC26__0__20170110_051400_br.wav,1303.99636654166,1.1447015,0.0406995,6.68864650369535,vire_chiv,group 4
LEEC26__0__20170115_072900_br.wav,1503.37180549359,0.758789,0.3051605,10.277934109668,vire_chiv,group 4
LEEC26__0__20170123_064400_br.wav,519.459415226928,1.113752,0.098987,7.2160167036186,vire_chiv,group 1
LEEC33__0__20161026_080100_ma.wav,3544.88488419192,0.484909,0.3907585,8.89901487886281,vire_chiv,group 5
LEEC33__0__20161029_063100_ma.wav,517.54039864822,1.145344,0.0360575,7.5412213798359,vire_chiv,group 1
LEEC33__0__20161031_063100_ma.wav,1113.71137486133,1.1228745,0.0849525,7.55517528340858,vire_chiv,group 3
LEEC33__0__20161031_064400_ma.wav,622.870126545165,1.1343585,0.060594,7.40498374941044,vire_chiv,group 1
LEEC33__0__20161109_050100_ma.wav,561.033999419489,1.151287,0.001209,4.42758928674032,vire_chiv,group 1
LEEC33__0__20161110_050100_ma.wav,1646.0939739253,0.665214,0.333539,11.1866979605257,vire_chiv,group 4
LEEC33__0__20161110_055900_ma.wav,1156.14384008205,1.149745,0.0199775,7.06574831340604,vire_chiv,group 4
LEEC33__0__20161110_071600_ma.wav,574.452443529417,1.150718,0.0116355,6.37392951260078,vire_chiv,group 1
LEEC33__0__20161110_081400_ma.wav,1135.38677349889,1.1437985,0.0452315,7.75199450949197,vire_chiv,group 4
LEEC33__0__20161115_051400_ma.wav,1121.11163336834,1.1419865,0.053518,4.72679399967479,vire_chiv,group 3
LEEC33__0__20161120_051400_aa.wav,732.768900602122,0.854208,0.2631715,10.2989190492285,vire_chiv,group 2
LEEC33__0__20161121_071600_aa.wav,736.595355798449,1.0712935,0.1517185,9.16875695840512,vire_chiv,group 2
LEEC33__0__20161124_080100_aa.wav,654.294184230073,1.149794,0.018738,6.84623797262724,vire_chiv,group 1
LEEC33__0__20161125_054600_aa.wav,855.062509056643,1.1512405,0.00367,6.55230102761389,vire_chiv,group 2
LEEC33__0__20161128_055900_aa.wav,834.971437986252,1.147459,0.031379,7.38001334871984,vire_chiv,group 2
LEEC33__0__20161128_081400_aa.wav,804.186779178471,1.1494315,0.021937,7.34569284594834,vire_chiv,group 2
LEEC33__0__20161201_072900_aa.wav,1036.53192212866,1.1276925,0.0780305,7.86224865764951,vire_chiv,group 3
LEEC33__0__20161202_064400_aa.wav,599.983766049129,1.141752,0.0458185,7.19733244373001,vire_chiv,group 1
LEEC33__0__20161206_081400_aa.wav,892.922675418603,1.143544,0.0447295,7.40158449034973,vire_chiv,group 3
LEEC33__0__20161214_072900_aa.wav,967.804440846194,1.1512545,0.0031725,5.71466764453818,vire_chiv,group 3
LEEC33__0__20161217_051400_aa.wav,634.26609465453,1.1421345,0.046425,7.504171948616,vire_chiv,group 1
LEEC33__0__20161220_081400_aa.wav,659.995073102706,1.1278195,0.0763845,8.51076026525672,vire_chiv,group 1
LEEC36__0__20161019_071600_ma.wav,1267.31497062966,1.1298975,0.071852,7.62391714098628,vire_chiv,group 4
LEEC36__0__20161020_063100_ma.wav,973.945150839555,0.691614,0.3320225,12.0226933703078,vire_chiv,group 3
LEEC36__0__20161021_051400_ma.wav,782.867658989939,1.135482,0.070145,7.64572726091171,vire_chiv,group 2
LEEC36__0__20161022_051400_ma.wav,626.474253416814,1.1496845,0.0211265,8.02699749393117,vire_chiv,group 1
LEEC36__0__20161024_054600_ma.wav,945.804455792864,1.1494965,0.021589,7.3085846989921,vire_chiv,group 3
LEEC36__0__20161026_071600_ma.wav,579.057949556677,1.1504545,0.0150525,7.40817359401976,vire_chiv,group 1
LEEC36__0__20161027_072900_ma.wav,527.018424629947,1.007145,0.185146,8.49587355780194,vire_chiv,group 1
LEEC36__0__20161027_081400_ma.wav,555.267230514569,1.1445475,0.040669,7.2578551004694,vire_chiv,group 1
LEEC36__0__20161028_064400_ma.wav,909.275169965469,1.1512145,0.0049395,5.99545015814563,vire_chiv,group 3
LEEC36__0__20161028_081400_ma.wav,2955.96800660595,1.067145,0.140403,7.2423429658061,vire_chiv,group 5
LEEC36__0__20161029_051400_ma.wav,723.679740048541,1.1121715,0.102498,7.76842609924899,vire_chiv,group 2
LEEC36__0__20161101_081400_ma.wav,1454.24516144606,1.0912365,0.1364025,7.74787605535274,vire_chiv,group 4
LEEC36__0__20161102_081400_ma.wav,401.403281114791,1.150128,0.0161685,7.51269880032371,vire_chiv,group 1
LEEC36__0__20161103_051400_ma.wav,2359.52360790971,0.948757,0.2337255,7.49828780046915,vire_chiv,group 5
LEEC36__0__20161107_054600_ma.wav,715.185388442966,1.150561,0.0137905,7.36273970153775,vire_chiv,group 2
LEEC36__0__20161107_071600_ma.wav,1218.31609774329,1.151061,0.0078445,6.51344222961066,vire_chiv,group 4
LEEC36__0__20161108_063100_ma.wav,1143.52839177529,1.150993,0.0087925,7.46363126902883,vire_chiv,group 4
LEEC36__0__20161109_071600_ma.wav,2490.91670147573,1.071773,0.153168,9.84837429328704,vire_chiv,group 5
LEEC36__0__20161110_054600_ma.wav,927.06259430453,1.1512325,0.0041305,6.1801018748274,vire_chiv,group 3
LEEC36__0__20161110_064400_ma.wav,806.920853211978,1.1507775,0.0101205,7.02511201221165,vire_chiv,group 2
LEEC36__0__20161111_055900_ma.wav,786.848369018174,1.1506975,0.0125885,6.38772887825805,vire_chiv,group 2
LEEC36__0__20161111_081400_ma.wav,1201.59061682055,1.0811015,0.1430315,8.91681535850673,vire_chiv,group 4
LEEC36__0__20161112_055900_ma.wav,838.670154956866,1.093404,0.1327755,8.73160192146887,vire_chiv,group 2
LEEC36__0__20161115_072900_ma.wav,693.909141210855,1.1506895,0.012004,6.76039392313208,vire_chiv,group 1
LEEC36__0__20161115_080100_ma.wav,1101.10788397676,1.1508945,0.0101795,6.14405401036585,vire_chiv,group 3
LEEC36__0__20161115_081400_ma.wav,833.443195125654,1.149155,0.023081,6.75938133741275,vire_chiv,group 2
LEEC36__0__20161116_051400_ma.wav,1025.34220920479,1.1512195,0.004702,5.94384490896023,vire_chiv,group 3
LEEC36__0__20161116_054600_ma.wav,1025.89785323299,1.1511645,0.005816,6.55469076440689,vire_chiv,group 3
LEEC36__0__20161116_063100_ma.wav,1010.13919337371,1.1249985,0.0841995,7.75958383242177,vire_chiv,group 3
LEEC36__0__20161116_081400_ma.wav,564.347653822536,1.14325,0.0441525,6.40752625217558,vire_chiv,group 1
LEEC36__0__20161117_054600_ma.wav,4323.95325897474,0.86748,0.2813485,8.53245830157283,vire_chiv,group 5
LEEC36__0__20161117_063100_ma.wav,692.489429310207,1.1482475,0.027516,7.26838153363938,vire_chiv,group 1
LEEC36__0__20161117_064400_ma.wav,413.102331266896,1.1003555,0.1158695,7.46231808444661,vire_chiv,group 1
LEEC36__0__20161117_080100_ma.wav,754.860612521087,1.0825415,0.142559,9.85520102531809,vire_chiv,group 2
LEEC36__0__20161122_071600_aa.wav,682.04828613351,1.1330495,0.065696,7.887969604002,vire_chiv,group 1
LEEC36__0__20161123_064400_aa.wav,3718.61936439264,0.9479735,0.244971,7.89651065204235,vire_chiv,group 5
LEEC36__0__20161125_054600_aa.wav,1118.70336712227,1.148728,0.026472,6.88690299080872,vire_chiv,group 3
LEEC36__0__20161125_063100_aa.wav,3376.11961207105,1.1276895,0.0768215,7.13514100427719,vire_chiv,group 5
LEEC36__0__20161127_064400_aa.wav,324.812175792101,1.1506215,0.012235,6.90690832582456,vire_chiv,group 1
LEEC36__0__20161128_051400_aa.wav,421.15780086309,1.1512655,0.002119,5.88710608833705,vire_chiv,group 1
LEEC36__0__20161202_050100_aa.wav,1288.89277820987,1.1004665,0.121495,9.86926514632191,vire_chiv,group 4
LEEC36__0__20161205_054600_aa.wav,893.452293016943,1.08353,0.1252105,7.58679012727137,vire_chiv,group 3
LEEC36__0__20161213_051400_aa.wav,762.95118656726,0.7639025,0.319072,8.49674191524655,vire_chiv,group 2
LEEC36__0__20161214_055900_aa.wav,515.647996916155,1.142091,0.0481315,6.75385022582162,vire_chiv,group 1
LEEC36__0__20161219_051400_aa.wav,480.680680546831,0.9910855,0.202805,8.71352798522386,vire_chiv,group 1
LEEC36__0__20161219_080100_aa.wav,788.26407576209,1.064125,0.153227,8.18393504364655,vire_chiv,group 2
LEEC36__0__20161229_050100_br.wav,339.419340567499,1.096879,0.1123415,7.33166259766179,vire_chiv,group 1
LEEC36__0__20170101_080100_br.wav,793.223157188463,1.1510265,0.007815,6.9704833618952,vire_chiv,group 2
LEEC36__0__20170109_054600_br.wav,332.869742833077,1.1380775,0.054942,7.68316782217089,vire_chiv,group 1
LEEC37__0__20161019_051400_ma.wav,4026.57529767334,1.132325,0.069729,7.20512527474485,vire_chiv,group 5
LEEC37__0__20161026_054600_ma.wav,856.845067942315,1.1134,0.0957025,7.87199487150348,vire_chiv,group 2
LEEC37__0__20161107_081400_ma.wav,719.881015983681,1.082157,0.1460795,7.57921770769225,vire_chiv,group 2
LEEC37__0__20161115_051400_ma.wav,1146.80846138583,1.1274,0.0737475,7.6970759266063,vire_chiv,group 4
LEEC40__0__20161019_051400_ma.wav,872.559619725888,1.121745,0.0902135,7.1926043573026,vire_chiv,group 2
LEEC40__0__20161022_054600_ma.wav,878.525821361784,1.148031,0.0272235,7.19176903019151,vire_chiv,group 2
LEEC40__0__20161023_071600_ma.wav,6295.46332976216,0.857839,0.2813725,9.09029129618183,vire_chiv,group 5
LEEC40__0__20161024_081400_ma.wav,939.64116990454,1.151192,0.0055375,5.74199755034139,vire_chiv,group 3
LEEC40__0__20161026_054600_ma.wav,956.169412388259,1.1507565,0.011677,6.64246266130003,vire_chiv,group 3
LEEC40__0__20161026_081400_ma.wav,495.609740169244,1.1495065,0.0201775,7.13875441181399,vire_chiv,group 1
LEEC40__0__20161028_071600_ma.wav,694.455291543014,1.140004,0.054802,7.69859126519908,vire_chiv,group 1
LEEC40__0__20161030_054600_ma.wav,3310.73744148884,1.0633255,0.1639355,8.07587682332947,vire_chiv,group 5
LEEC40__0__20161030_064400_ma.wav,494.771586909216,1.1488125,0.024583,7.66403363035964,vire_chiv,group 1
LEEC40__0__20161031_051400_ma.wav,776.981168989665,1.1497435,0.0191395,6.55184486035896,vire_chiv,group 2
LEEC40__0__20161101_064400_ma.wav,1044.92743914851,1.1472265,0.0303615,7.89904434850016,vire_chiv,group 3
LEEC40__0__20161103_064400_ma.wav,454.459308056964,1.120303,0.0862165,7.13660211587335,vire_chiv,group 1
LEEC40__0__20161103_071600_ma.wav,3544.84111409418,1.073709,0.153281,8.74139835896112,vire_chiv,group 5
LEEC40__0__20161104_064400_ma.wav,636.665982434737,1.151176,0.0057515,6.59953774205091,vire_chiv,group 1
LEEC40__0__20161104_071600_ma.wav,578.213338681772,1.1512095,0.004321,5.9035928627429,vire_chiv,group 1
LEEC40__0__20161105_072900_ma.wav,747.416862144354,1.10325,0.1050785,7.95105737265618,vire_chiv,group 2
LEEC40__0__20161108_080100_ma.wav,3867.67078812918,0.7124145,0.333419,8.28938163182434,vire_chiv,group 5
LEEC40__0__20161109_063100_ma.wav,1237.39525439298,1.1508075,0.0117095,5.41483777543254,vire_chiv,group 4
LEEC40__0__20161110_054600_ma.wav,1009.41920832534,1.1463835,0.0355555,7.16772126009502,vire_chiv,group 3
LEEC40__0__20161110_063100_ma.wav,615.278505268561,1.150734,0.0104415,5.7078499995383,vire_chiv,group 1
LEEC40__0__20161111_063100_ma.wav,1189.11597565867,1.1377945,0.0586975,7.96832175121499,vire_chiv,group 4
LEEC40__0__20161115_055900_ma.wav,636.547226933877,1.108921,0.1058515,7.24222108861405,vire_chiv,group 1
LEEC40__0__20161115_063100_ma.wav,611.309382557472,1.1081245,0.1122085,7.94310571561433,vire_chiv,group 1
LEEC40__0__20161116_051400_ma.wav,876.934011058001,1.1508395,0.011582,7.4757841414078,vire_chiv,group 2
LEEC40__0__20161116_054600_ma.wav,711.359635037259,1.0354535,0.177237,6.83840972344875,vire_chiv,group 2
LEEC40__0__20161116_055900_ma.wav,1163.47457119746,0.7256325,0.3139665,11.9062892838181,vire_chiv,group 4
LEEC40__0__20161121_063100_aa.wav,420.934692905864,1.14667,0.034506,7.45123683072776,vire_chiv,group 1
LEEC40__0__20161121_071600_aa.wav,1039.33338211257,1.1457585,0.039394,7.4925692691321,vire_chiv,group 3
LEEC40__0__20161122_063100_aa.wav,1900.43704778386,1.144522,0.041645,8.06592376704747,vire_chiv,group 5
LEEC40__0__20161125_063100_aa.wav,562.577996361956,1.142754,0.0466605,7.85176455365876,vire_chiv,group 1
LEEC40__0__20161126_050100_aa.wav,4044.96523332295,0.6603125,0.3355395,11.6528248869382,vire_chiv,group 5
LEEC40__0__20161129_071600_aa.wav,1077.09135900196,1.12918,0.0829105,9.08575663748598,vire_chiv,group 3
LEEC40__0__20161129_072900_aa.wav,681.04193371193,1.1470415,0.034658,7.16972037867192,vire_chiv,group 1
LEEC40__0__20161129_081400_aa.wav,1482.05839358559,1.106693,0.1127405,9.04078929281904,vire_chiv,group 4
LEEC40__0__20161206_054600_aa.wav,522.243365640629,1.150688,0.012054,6.79403441886252,vire_chiv,group 1
LEEC40__0__20161208_072900_aa.wav,772.489863685088,1.1511985,0.005367,5.85035776592145,vire_chiv,group 2
LEEC40__0__20161211_071600_aa.wav,3471.77238981066,1.101326,0.116453,8.08642745302943,vire_chiv,group 5
LEEC40__0__20161211_072900_aa.wav,693.2265252197,1.148924,0.025026,7.16297718674461,vire_chiv,group 1
LEEC40__0__20161212_064400_aa.wav,1986.5922810968,1.1509575,0.009665,7.52781929962283,vire_chiv,group 5
LEEC40__0__20161213_063100_aa.wav,1341.64400938986,1.150166,0.017524,6.8592723639648,vire_chiv,group 4
LEEC40__0__20161216_055900_aa.wav,873.965601807329,1.151082,0.008057,5.99479364432009,vire_chiv,group 2
LEEC40__0__20161219_080100_aa.wav,850.793336149596,1.013085,0.1973335,8.89085351153358,vire_chiv,group 2
LEEC40__0__20161220_051400_aa.wav,355.007559284023,1.150967,0.0080265,5.89011634856455,vire_chiv,group 1
LEEC40__0__20161220_055900_aa.wav,842.821842702177,1.1512665,0.002801,6.05405223368738,vire_chiv,group 2
LEEC40__0__20161220_063100_aa.wav,550.234359266143,1.149952,0.0184685,7.83483782130758,vire_chiv,group 1
LEEC40__0__20161220_080100_aa.wav,542.011062520586,1.137617,0.059383,7.37746523921436,vire_chiv,group 1
LEEC40__0__20161221_050100_aa.wav,3053.13001455245,0.966612,0.2320125,8.8540121384189,vire_chiv,group 5
LEEC40__0__20161221_063100_aa.wav,560.906234455523,1.13523,0.064068,7.69523395038988,vire_chiv,group 1
LEEC40__0__20161221_072900_aa.wav,882.466416216356,1.148278,0.028388,7.28730676282637,vire_chiv,group 2
LEEC40__0__20161222_080100_aa.wav,578.712729672678,1.151202,0.004945,5.47224416213102,vire_chiv,group 1
LEEC40__0__20161229_051400_br.wav,1244.17925501963,1.0909855,0.135394,7.23919425607013,vire_chiv,group 4
LEEC40__0__20161230_051400_br.wav,434.872378081618,1.150989,0.008127,6.89182012416228,vire_chiv,group 1
LEEC40__0__20161230_071600_br.wav,333.868271177712,1.1512075,0.004804,6.52164119893717,vire_chiv,group 1
LEEC40__0__20161230_081400_br.wav,618.866765587763,1.151167,0.005658,6.98870211503301,vire_chiv,group 1
LEEC40__0__20170101_080100_br.wav,766.149605057379,1.151041,0.0085935,5.88450629636192,vire_chiv,group 2
LEEC40__0__20170102_071600_br.wav,1173.43071378721,1.150958,0.010061,6.12145102040549,vire_chiv,group 4
LEEC40__0__20170104_054600_br.wav,4866.53676298025,0.9936035,0.216801,8.9314247985412,vire_chiv,group 5
LEEC40__0__20170104_055900_br.wav,811.595550768588,1.1492405,0.022996,7.02161478696939,vire_chiv,group 2
LEEC40__0__20170105_072900_br.wav,1256.16587668611,0.797502,0.2949655,10.7963845776273,vire_chiv,group 4
LEEC40__0__20170106_054600_br.wav,1486.77827945766,0.989065,0.215263,8.1544943172285,vire_chiv,group 4
LEEC40__0__20170106_072900_br.wav,896.249612501413,1.151274,0.002299,5.45254529572821,vire_chiv,group 3
LEEC40__0__20170107_051400_br.wav,1445.52307227286,1.143331,0.044347,8.06705667932868,vire_chiv,group 4
LEEC40__0__20170107_063100_br.wav,1016.02274557872,1.149796,0.0205335,6.51814048143051,vire_chiv,group 3
LEEC40__0__20170107_081400_br.wav,738.773828310423,1.151249,0.003365,6.35705435659868,vire_chiv,group 2
LEEC40__0__20170108_051400_br.wav,1234.76332314291,1.14918,0.021914,7.09877964624752,vire_chiv,group 4
LEEC40__0__20170108_054600_br.wav,1014.94085189898,1.1477105,0.031132,7.70021312309544,vire_chiv,group 3
LEEC40__0__20170114_054600_br.wav,1084.04340377163,1.143214,0.044881,7.82837224441655,vire_chiv,group 3
LEEC40__0__20170114_055900_br.wav,1137.60863896023,1.1224725,0.086411,9.58113368659889,vire_chiv,group 4
LEEC40__0__20170115_051400_br.wav,895.966159429423,1.1287565,0.0755605,7.38081502556916,vire_chiv,group 3
LEEC40__0__20170124_054600_br.wav,588.298629027757,1.150875,0.0095955,6.53299109973491,vire_chiv,group 1
LEEC40__0__20170126_063100_br.wav,610.986546817492,1.150929,0.0092235,6.9494122860136,vire_chiv,group 1
LEEC41__0__20161020_064400_ma.wav,1360.13594620936,1.0166715,0.190915,12.9058187184905,vire_chiv,group 4
LEEC41__0__20161022_063100_ma.wav,488.979388636376,1.15124,0.0032205,6.12966873433533,vire_chiv,group 1
LEEC41__0__20161029_071600_ma.wav,909.739141138777,1.128194,0.0821585,8.90855158905883,vire_chiv,group 3
LEEC41__0__20161029_081400_ma.wav,3553.47452158714,1.151245,0.0037545,6.2786094016021,vire_chiv,group 5
LEEC41__0__20161101_072900_ma.wav,1048.08466332743,1.1488705,0.024136,6.97423342833617,vire_chiv,group 3
LEEC41__0__20161102_051400_ma.wav,2653.56997100461,0.9933985,0.1990675,8.28542723748111,vire_chiv,group 5
LEEC41__0__20161102_072900_ma.wav,1028.82585501175,1.082295,0.1365725,8.22590406471047,vire_chiv,group 3
LEEC41__0__20161104_054600_ma.wav,620.971109317693,1.150395,0.015671,6.83527144012847,vire_chiv,group 1
LEEC41__0__20161104_055900_ma.wav,1020.57605637441,1.107652,0.1067665,8.55323761292568,vire_chiv,group 3
LEEC41__0__20161107_051400_ma.wav,399.498123575279,1.1506195,0.0131635,7.51127129405327,vire_chiv,group 1
LEEC41__0__20161108_071600_ma.wav,9918.81915234644,0.9516855,0.23941,9.26306752410482,vire_chiv,group 5
LEEC41__0__20161110_050100_ma.wav,3941.35937887968,1.101345,0.1205955,8.4152747384737,vire_chiv,group 5
LEEC41__0__20161110_051400_ma.wav,906.151809219735,1.1512835,0.001526,6.24413917771827,vire_chiv,group 3
LEEC41__0__20161110_055900_ma.wav,1044.1234609561,1.1095185,0.1094905,7.86788390350851,vire_chiv,group 3
LEEC41__0__20161113_051400_ma.wav,1997.91758290565,1.1042605,0.109622,7.82681711573231,vire_chiv,group 5
LEEC41__0__20161113_055900_ma.wav,826.486879247517,1.1508025,0.0113055,7.5339266439116,vire_chiv,group 2
LEEC41__0__20161115_071600_ma.wav,889.435512635959,1.1512445,0.0037975,6.0900555878444,vire_chiv,group 3
LEEC41__0__20161116_055900_ma.wav,501.493114829872,1.1512805,0.001832,5.75655757873327,vire_chiv,group 1
LEEC41__0__20161117_050100_ma.wav,743.328353181142,1.150796,0.0117885,7.42517146130871,vire_chiv,group 2
LEEC41__0__20161122_050100_aa.wav,952.455025083337,1.1507195,0.011794,6.72047159159158,vire_chiv,group 3
LEEC41__0__20161122_051400_aa.wav,860.831264467486,1.1402985,0.057875,9.50840195834937,vire_chiv,group 2
LEEC41__0__20161122_064400_aa.wav,2881.87066134132,1.12605,0.081915,7.42384182862199,vire_chiv,group 5
LEEC41__0__20161124_054600_aa.wav,781.438819044871,1.09974,0.10896,7.46482940966586,vire_chiv,group 2
LEEC41__0__20161125_080100_aa.wav,926.811824270376,1.1512895,0.0009645,4.74484386883127,vire_chiv,group 3
LEEC41__0__20161128_064400_aa.wav,705.469978374064,1.147011,0.032722,7.69401626739708,vire_chiv,group 2
LEEC41__0__20161128_071600_aa.wav,777.301253186837,1.1326735,0.0691735,7.57494336050629,vire_chiv,group 2
LEEC41__0__20161201_080100_aa.wav,557.083112717702,1.149334,0.0238815,7.65361876748214,vire_chiv,group 1
LEEC41__0__20161202_072900_aa.wav,1109.92930702978,1.150331,0.0156755,7.57152208110001,vire_chiv,group 3
LEEC41__0__20161206_064400_aa.wav,555.672124803001,0.810599,0.2995545,7.20454886551149,vire_chiv,group 1
LEEC41__0__20161206_071600_aa.wav,3343.06347978359,1.0275475,0.1845165,8.08307981647986,vire_chiv,group 5
LEEC41__0__20161209_064400_aa.wav,643.990634639635,1.150902,0.0103355,7.82712048520612,vire_chiv,group 1
LEEC41__0__20161209_071600_aa.wav,839.183247059975,1.0215495,0.188309,8.71457679968123,vire_chiv,group 2
LEEC41__0__20161210_063100_aa.wav,958.229747311139,1.1390405,0.0560975,7.37557489902252,vire_chiv,group 3
LEEC41__0__20161211_071600_aa.wav,436.6328631758,1.1399835,0.0514565,7.49006022192562,vire_chiv,group 1
LEEC41__0__20161214_063100_aa.wav,504.289164053247,0.544891,0.3659275,10.5281850882988,vire_chiv,group 1
LEEC41__0__20161215_055900_aa.wav,584.529376239261,1.1500825,0.017554,7.38154172774183,vire_chiv,group 1
LEEC41__0__20161217_055900_aa.wav,860.163293056239,1.0521525,0.1445455,7.81370848517724,vire_chiv,group 2
LEEC41__0__20161218_071600_aa.wav,971.858707177682,1.1472615,0.031844,7.05379231038769,vire_chiv,group 3
LEEC41__0__20161220_054600_aa.wav,3280.10026532631,1.1244205,0.08224,7.18247179868106,vire_chiv,group 5
LEEC41__0__20161221_051400_aa.wav,1179.79400970561,1.1508295,0.010569,7.3709176984983,vire_chiv,group 4
LEEC41__0__20161221_071600_aa.wav,1357.82121702415,1.147402,0.031297,7.83721171199192,vire_chiv,group 4
LEEC41__0__20170103_071600_br.wav,570.132508892522,1.1510645,0.0073455,6.21234024728843,vire_chiv,group 1
LEEC42__0__20161023_063100_ma.wav,843.445510977341,1.1053215,0.107623,6.91093070354001,vire_chiv,group 2
LEEC42__0__20161024_064400_ma.wav,806.091057853333,1.148117,0.027441,7.34738779445727,vire_chiv,group 2
LEEC42__0__20161024_071600_ma.wav,925.503618734198,1.1186295,0.089463,7.95206565342675,vire_chiv,group 3
LEEC42__0__20161025_071600_ma.wav,401.633643407693,1.114991,0.090283,7.45106271910112,vire_chiv,group 1
LEEC42__0__20161027_055900_ma.wav,1323.38082547085,0.6865155,0.3372155,10.6102176899258,vire_chiv,group 4
LEEC42__0__20161028_072900_ma.wav,456.822312616723,1.1196295,0.089891,7.86362666732772,vire_chiv,group 1
LEEC42__0__20161102_050100_ma.wav,793.610219402763,1.1512,0.0050255,5.25662251177968,vire_chiv,group 2
LEEC42__0__20161109_050100_ma.wav,584.559770128386,1.1512635,0.0029955,5.43453679831171,vire_chiv,group 1
LEEC42__0__20161116_051400_ma.wav,2055.13165570555,1.1364795,0.0603015,7.08798167304292,vire_chiv,group 5
LEEC42__0__20161127_051400_aa.wav,518.610472758566,1.0643125,0.1612405,7.3417269209222,vire_chiv,group 1
LEEC42__0__20161129_063100_aa.wav,663.360278229677,1.1512715,0.002428,5.53492945253554,vire_chiv,group 1
LEEC42__0__20161202_054600_aa.wav,3687.84922004742,0.850518,0.2828185,8.71382813461236,vire_chiv,group 5
LEEC42__0__20161202_063100_aa.wav,596.55162360003,1.151212,0.004715,6.10746889815245,vire_chiv,group 1
LEEC42__0__20161205_064400_aa.wav,858.696017168594,0.927791,0.23287,7.97355582987942,vire_chiv,group 2
LEEC42__0__20161206_051400_aa.wav,1182.41962989517,0.690481,0.337739,9.64292114886836,vire_chiv,group 4
LEEC42__0__20161208_072900_aa.wav,1016.86626102552,1.151051,0.007993,6.30830782532415,vire_chiv,group 3
LEEC42__0__20161210_064400_aa.wav,673.748544617347,1.0169965,0.1901115,6.64184929838621,vire_chiv,group 1
LEEC42__0__20161211_064400_aa.wav,657.555155393668,1.151278,0.0020235,4.91756408919739,vire_chiv,group 1
LEEC42__0__20161217_051400_aa.wav,454.884523867435,1.0242065,0.1656305,7.07779897263128,vire_chiv,group 1
LEEC42__0__20161220_080100_aa.wav,650.903259783824,1.12717,0.0773895,7.54044231356528,vire_chiv,group 1
LEEC42__0__20161222_055900_aa.wav,660.593918663366,1.14224,0.048225,8.56155210514058,vire_chiv,group 1
LEEC42__0__20161230_072900_br.wav,878.99562898851,1.149454,0.022664,8.00353597037557,vire_chiv,group 2
LEEC42__0__20170101_080100_br.wav,1771.69423305407,0.832591,0.2904555,9.11102775464746,vire_chiv,group 4
LEEC42__0__20170103_055900_br.wav,1603.08582991535,1.1488565,0.024937,6.60059670176765,vire_chiv,group 4
LEEC42__0__20170106_080100_br.wav,706.94384212256,1.1512565,0.00256,5.91874229757078,vire_chiv,group 2
LEEC42__0__20170106_081400_br.wav,1250.74586077678,1.129938,0.079252,8.29501133816916,vire_chiv,group 4
LEEC42__0__20170107_063100_br.wav,1015.97709340316,1.151185,0.005482,6.63499565439357,vire_chiv,group 3
LEEC42__0__20170112_071600_br.wav,1472.26184505964,1.1510875,0.0072365,6.1421525162628,vire_chiv,group 4
LEEC42__0__20170112_072900_br.wav,1719.83100054445,1.148168,0.0277505,7.3617676439054,vire_chiv,group 4
LEEC42__0__20170118_064400_br.wav,548.111247668629,1.144829,0.040855,6.93764981565404,vire_chiv,group 1
LEEC43__0__20161020_063100_ma.wav,5302.0993657072,0.766396,0.3148695,9.65737130730988,vire_chiv,group 5
LEEC43__0__20161020_081400_ma.wav,1626.86508776887,1.1497465,0.0200155,7.79636063116526,vire_chiv,group 4
LEEC43__0__20161021_063100_ma.wav,4484.00151351354,1.0735355,0.154292,8.27751299984084,vire_chiv,group 5
LEEC43__0__20161021_072900_ma.wav,1040.42636033948,1.1512885,0.0011005,5.46492928228485,vire_chiv,group 3
LEEC43__0__20161024_054600_ma.wav,992.120413379475,1.1512525,0.0032065,6.32259035763121,vire_chiv,group 3
LEEC43__0__20161029_051400_ma.wav,1078.54282752436,1.1250945,0.0850795,8.14459495828888,vire_chiv,group 3
LEEC43__0__20161030_051400_ma.wav,807.146030337138,1.0342505,0.174908,8.57641167153901,vire_chiv,group 2
LEEC43__0__20161030_055900_ma.wav,834.390195154061,1.15117,0.005788,5.06462584578596,vire_chiv,group 2
LEEC43__0__20161101_064400_ma.wav,879.552824457722,1.1486895,0.0257,6.63528492357301,vire_chiv,group 2
LEEC43__0__20161102_072900_ma.wav,429.584431681589,1.1239845,0.0825725,7.5082445741161,vire_chiv,group 1
LEEC43__0__20161106_055900_ma.wav,1148.29397393129,1.150885,0.010268,6.21939224021824,vire_chiv,group 4
LEEC43__0__20161108_081400_ma.wav,547.168025134422,1.098928,0.117307,8.0336716108976,vire_chiv,group 1
LEEC43__0__20161109_055900_ma.wav,486.280044258783,1.077242,0.130778,7.37004913788647,vire_chiv,group 1
LEEC43__0__20161111_080100_ma.wav,845.455355047017,1.144681,0.044397,7.43298670452488,vire_chiv,group 2
LEEC43__0__20161112_064400_ma.wav,436.560075302429,1.1269265,0.081786,7.65851453221765,vire_chiv,group 1
LEEC43__0__20161112_071600_ma.wav,1476.27153502748,1.036879,0.173415,8.24206847866338,vire_chiv,group 4
LEEC43__0__20161116_072900_ma.wav,590.88507119912,1.10561,0.109883,7.39527932096189,vire_chiv,group 1
LEEC43__0__20161117_071600_ma.wav,690.915941971512,1.150854,0.0106105,7.39530586814125,vire_chiv,group 1
LEEC43__0__20161117_072900_ma.wav,718.397705098051,1.128537,0.076613,8.14929698394851,vire_chiv,group 2
LEEC43__0__20161117_081400_ma.wav,658.50980855489,1.0850895,0.127831,7.22617268485323,vire_chiv,group 1
LEEC43__0__20161119_051400_ma.wav,1352.66561203537,1.1444015,0.0436985,6.98675199572799,vire_chiv,group 4
LEEC43__0__20170106_072900_br.wav,790.001504927175,1.1362815,0.060924,7.61334421241672,vire_chiv,group 2
LEEC43__0__20170110_072900_br.wav,644.390056840437,1.1467365,0.0334525,7.43382878320085,vire_chiv,group 1
LEEC43__0__20170115_072900_br.wav,794.604025297275,1.151284,0.001434,5.2541761107137,vire_chiv,group 2
LEEC45__0__20161020_080100_ma.wav,929.755418437919,0.9460405,0.239744,9.29016809502853,vire_chiv,group 3
LEEC45__0__20161026_055900_ma.wav,3461.6388727984,1.118327,0.092991,7.62142400502006,vire_chiv,group 5
LEEC45__0__20161028_054600_ma.wav,3952.97503939299,1.0736655,0.152325,9.94003039764955,vire_chiv,group 5
LEEC45__0__20161029_055900_ma.wav,982.166934027239,1.151165,0.0057535,6.72246108436741,vire_chiv,group 3
LEEC45__0__20161107_072900_ma.wav,4854.68657013625,0.9679675,0.222814,8.57965863838031,vire_chiv,group 5
LEEC45__0__20161107_080100_ma.wav,842.40473954427,1.135609,0.0627185,7.46935253532049,vire_chiv,group 2
LEEC45__0__20161109_072900_ma.wav,2987.80216650595,1.132744,0.073498,8.15678343055413,vire_chiv,group 5
LEEC45__0__20161110_072900_ma.wav,542.952639651203,1.129064,0.07257,8.45704926572662,vire_chiv,group 1
LEEC45__0__20161111_072900_ma.wav,536.025227151094,1.149484,0.021135,7.18990067462335,vire_chiv,group 1
LEEC48__0__20161020_055900_ma.wav,2237.24593532944,0.970834,0.229042,10.7694334201374,vire_chiv,group 5
LEEC48__0__20161020_072900_ma.wav,4318.58990037313,1.08762,0.1271195,8.22153501998523,vire_chiv,group 5
LEEC48__0__20161023_055900_ma.wav,973.070842137313,1.103975,0.1111975,7.57830469730284,vire_chiv,group 3
LEEC48__0__20161025_080100_ma.wav,781.502312753866,1.004294,0.1874025,7.73933766442997,vire_chiv,group 2
LEEC48__0__20161026_072900_ma.wav,755.796007860846,1.091915,0.123068,8.01050422635191,vire_chiv,group 2
LEEC48__0__20161026_081400_ma.wav,1089.67300469584,1.1505545,0.013183,7.00563283678327,vire_chiv,group 3
LEEC48__0__20161027_081400_ma.wav,487.783225932301,1.1472265,0.0328335,7.00176581497411,vire_chiv,group 1
LEEC48__0__20161028_051400_ma.wav,464.377776383006,1.1050205,0.100257,7.9091991155171,vire_chiv,group 1
LEEC48__0__20161031_054600_ma.wav,1189.10390575405,1.150851,0.0106895,7.16613096151097,vire_chiv,group 4
LEEC48__0__20161031_080100_ma.wav,578.894132008963,1.1497415,0.019127,7.33650307301272,vire_chiv,group 1
LEEC48__0__20161101_055900_ma.wav,2610.73661381386,0.728672,0.317961,10.0708069417938,vire_chiv,group 5
LEEC48__0__20161102_055900_ma.wav,732.288416852528,1.151289,0.000919,5.4920424363174,vire_chiv,group 2
LEEC48__0__20161104_054600_ma.wav,761.398375876996,1.1512485,0.0033705,6.57283117994758,vire_chiv,group 2
LEEC48__0__20161108_063100_ma.wav,1688.88786217618,1.151151,0.006236,6.09123995943856,vire_chiv,group 4
LEEC48__0__20161108_064400_ma.wav,1160.37098288514,1.1512885,0.001111,5.71926107401466,vire_chiv,group 4
LEEC48__0__20161112_072900_ma.wav,915.321825917133,1.1509625,0.009754,5.71290885884619,vire_chiv,group 3
LEEC48__0__20161113_050100_ma.wav,539.659301144017,1.1508955,0.009905,6.36224128354156,vire_chiv,group 1
LEEC48__0__20161119_054600_aa.wav,879.123562011591,0.594891,0.3655725,10.4240799860748,vire_chiv,group 2
LEEC48__0__20161123_072900_aa.wav,585.503183805799,1.055552,0.1645915,7.45440781541172,vire_chiv,group 1
LEEC48__0__20161124_055900_aa.wav,367.712756417827,0.8049465,0.2982965,6.77474172574453,vire_chiv,group 1
LEEC48__0__20161206_054600_aa.wav,727.063633235849,0.5674505,0.365528,9.36061767824978,vire_chiv,group 2
LEEC48__0__20161212_055900_aa.wav,784.040316572358,1.147343,0.0314855,6.86003888138683,vire_chiv,group 2
LEEC48__0__20161220_064400_aa.wav,1440.14154683266,0.9548875,0.2383565,7.93812723675168,vire_chiv,group 4
LEEC48__0__20161220_081400_aa.wav,4287.43749949782,1.080531,0.1351,7.75920210138757,vire_chiv,group 5
LEEC48__0__20161230_080100_br.wav,629.666085325115,1.1233365,0.082607,7.04956424461227,vire_chiv,group 1
LEEC48__0__20170102_055900_br.wav,1033.88423808891,1.131213,0.0677345,7.20566244081147,vire_chiv,group 3
LEEC48__0__20170103_063100_br.wav,542.176180759568,0.9406895,0.23097,7.05671486780092,vire_chiv,group 1
LEEC48__0__20170107_054600_br.wav,513.591535178911,1.0659035,0.1422245,8.80090248846196,vire_chiv,group 1
LEEC48__0__20170109_080100_br.wav,508.122124072471,1.1364125,0.0604465,7.13667044498327,vire_chiv,group 1
LEEC48__0__20170112_064400_br.wav,907.016234011041,1.1476295,0.0305635,6.43814404570941,vire_chiv,group 3
LEEC48__0__20170113_054600_br.wav,3213.59152550236,1.0449205,0.1692415,8.42312296823392,vire_chiv,group 5
LEEC48__0__20170119_055900_br.wav,1141.10715451497,1.0157315,0.1908945,8.64326953657341,vire_chiv,group 4
LEEC48__0__20170119_064400_br.wav,529.269489711041,1.01185,0.1888145,7.77821566148065,vire_chiv,group 1
LEEC48__0__20170120_081400_br.wav,1974.60070499806,0.9867045,0.21747,9.30487707408414,vire_chiv,group 5
LEEC48__0__20170121_055900_br.wav,2345.37226969361,1.0038655,0.1868665,7.61286373780102,vire_chiv,group 5
LEEC48__0__20170126_055900_br.wav,754.842503270502,1.097158,0.1111935,8.19705353491543,vire_chiv,group 2
LEEC48__0__20170127_055900_br.wav,772.168838735201,1.151169,0.0056315,6.39232684054706,vire_chiv,group 2
LEEC49__0__20161019_071600_ma.wav,1597.72938568829,1.1505935,0.013051,6.4279109063461,vire_chiv,group 4
LEEC49__0__20161021_064400_ma.wav,570.712458649085,1.1512745,0.001958,4.81270348140482,vire_chiv,group 1
LEEC49__0__20161027_080100_ma.wav,727.513362053635,1.1385665,0.05822,7.32448915377131,vire_chiv,group 2
LEEC49__0__20161029_054600_ma.wav,670.280420844693,1.1501285,0.018385,6.99857168843099,vire_chiv,group 1
LEEC49__0__20161029_064400_ma.wav,760.961379304913,1.1238395,0.087765,7.6696342932585,vire_chiv,group 2
LEEC49__0__20161030_054600_ma.wav,1033.13389522795,1.1512005,0.004949,5.86315066645129,vire_chiv,group 3
LEEC49__0__20161030_064400_ma.wav,1346.92540931641,1.1281375,0.079522,7.24402373483449,vire_chiv,group 4
LEEC49__0__20161101_054600_ma.wav,972.918158648218,1.151214,0.0048165,5.9269818128731,vire_chiv,group 3
LEEC49__0__20161101_055900_ma.wav,598.273855926244,1.151166,0.006002,6.03905659622768,vire_chiv,group 1
LEEC49__0__20161101_071600_ma.wav,1440.78196005061,1.1500635,0.017353,6.39310353039702,vire_chiv,group 4
LEEC49__0__20161102_072900_ma.wav,331.074306256644,1.143927,0.0448035,6.89333909064005,vire_chiv,group 1
LEEC49__0__20161103_071600_ma.wav,1156.18631258139,1.1214855,0.095098,7.34891376402389,vire_chiv,group 4
LEEC49__0__20161103_081400_ma.wav,1539.65766292897,0.6545315,0.3398565,13.4593360966904,vire_chiv,group 4
LEEC49__0__20161104_081400_ma.wav,918.589423197707,1.15002,0.0186365,6.86862944154661,vire_chiv,group 3
LEEC49__0__20161106_054600_ma.wav,953.881685278968,1.150415,0.015426,6.26251236623895,vire_chiv,group 3
LEEC49__0__20161106_055900_ma.wav,2174.86676644702,0.920005,0.258794,9.05493041075322,vire_chiv,group 5
LEEC49__0__20161107_081400_ma.wav,608.116203818975,1.150889,0.0096005,6.89851719101346,vire_chiv,group 1
LEEC49__0__20161108_071600_ma.wav,1204.30627661542,1.1510925,0.007463,5.92179799072712,vire_chiv,group 4
LEEC49__0__20161110_054600_ma.wav,1650.79474714991,1.067014,0.156366,7.3362512292703,vire_chiv,group 4
LEEC49__0__20161110_080100_ma.wav,842.32633162709,1.150759,0.01173,6.53989205207419,vire_chiv,group 2
LEEC49__0__20161112_080100_ma.wav,1041.24799006018,1.1512775,0.002186,5.01219644080757,vire_chiv,group 3
LEEC49__0__20161115_071600_ma.wav,1073.6568097048,1.15054,0.0142105,6.57238324152802,vire_chiv,group 3
LEEC49__0__20161115_072900_ma.wav,1059.65101077547,1.133985,0.0629465,7.60615660060089,vire_chiv,group 3
LEEC49__0__20161117_064400_ma.wav,1193.97958345885,1.136847,0.059748,7.58352336398766,vire_chiv,group 4
LEEC49__0__20161117_071600_ma.wav,980.70807041273,1.0212905,0.1856805,8.04390032414882,vire_chiv,group 3
LEEC49__0__20161118_055900_ma.wav,547.310142052046,0.9524875,0.2186025,8.438164933815,vire_chiv,group 1
LEEC49__0__20161119_063100_ma.wav,944.423303983486,1.151075,0.007226,7.04938362759893,vire_chiv,group 3
LEEC49__0__20161122_064400_aa.wav,718.67426880733,1.0339445,0.17382,7.81968543781172,vire_chiv,group 2
LEEC49__0__20161123_054600_aa.wav,3210.34209735901,1.150929,0.009776,6.56367471436767,vire_chiv,group 5
LEEC49__0__20161123_080100_aa.wav,924.621563398456,1.1504965,0.0142775,6.81478898483981,vire_chiv,group 3
LEEC49__0__20161124_071600_aa.wav,3907.04379113156,1.1107925,0.1015925,7.10921024100567,vire_chiv,group 5
LEEC49__0__20161125_054600_aa.wav,1358.04253844099,1.1481575,0.0277055,6.43638174277744,vire_chiv,group 4
LEEC49__0__20161125_055900_aa.wav,3428.12121959217,1.0884015,0.126683,7.85203003135504,vire_chiv,group 5
LEEC49__0__20161125_063100_aa.wav,717.091767557802,0.836052,0.286775,8.70192538603493,vire_chiv,group 2
LEEC49__0__20161126_071600_aa.wav,2406.59132938274,0.729561,0.3254525,11.4814142295673,vire_chiv,group 5
LEEC49__0__20161127_072900_aa.wav,660.420300101355,0.5713545,0.3696365,15.2033488239947,vire_chiv,group 1
LEEC49__0__20161130_080100_aa.wav,939.316927850844,1.150927,0.0094355,6.41450928547211,vire_chiv,group 3
LEEC49__0__20161201_055900_aa.wav,550.456583761958,1.151186,0.0047815,5.77407152492315,vire_chiv,group 1
LEEC49__0__20161201_063100_aa.wav,831.953740867994,1.1468615,0.0330925,7.2002355802657,vire_chiv,group 2
LEEC49__0__20161202_064400_aa.wav,1063.96577836732,1.1488285,0.0249035,6.34329728088155,vire_chiv,group 3
LEEC49__0__20161202_080100_aa.wav,687.636559846324,0.936324,0.2275515,8.25883494901102,vire_chiv,group 1
LEEC49__0__20161203_051400_aa.wav,986.475321478461,1.147806,0.029601,7.38379959634072,vire_chiv,group 3
LEEC49__0__20161203_071600_aa.wav,614.652231574484,1.149919,0.019636,7.60803564827398,vire_chiv,group 1
LEEC49__0__20161204_055900_aa.wav,705.827381591107,1.1484085,0.026844,6.76844007223167,vire_chiv,group 2
LEEC49__0__20161205_063100_aa.wav,649.695401312733,1.140853,0.0497775,7.09408448122553,vire_chiv,group 1
LEEC49__0__20161205_071600_aa.wav,327.423673288063,1.150824,0.0105395,6.53557267533489,vire_chiv,group 1
LEEC49__0__20161205_081400_aa.wav,1059.58643895533,1.1499005,0.018902,6.82710867312109,vire_chiv,group 3
LEEC49__0__20161206_071600_aa.wav,1155.69353401448,1.1499775,0.018205,6.56140562831785,vire_chiv,group 4
LEEC49__0__20161209_055900_aa.wav,784.97238181885,1.1512495,0.003231,6.04881496446423,vire_chiv,group 2
LEEC49__0__20161210_050100_aa.wav,625.824934583675,1.1478565,0.03285,6.62271441353208,vire_chiv,group 1
LEEC49__0__20161210_080100_aa.wav,1321.40271524168,1.143106,0.0463995,7.70722451105117,vire_chiv,group 4
LEEC49__0__20161211_080100_aa.wav,626.653414494364,1.1488875,0.026453,7.23203725896093,vire_chiv,group 1
LEEC49__0__20161213_063100_aa.wav,1666.64961095859,0.917195,0.256709,9.20058328192821,vire_chiv,group 4
LEEC49__0__20161213_072900_aa.wav,675.901559602365,1.151287,0.0012975,5.72271533512502,vire_chiv,group 1
LEEC49__0__20161214_080100_aa.wav,649.622837733847,1.1457755,0.0383935,7.85942170153495,vire_chiv,group 1
LEEC49__0__20161216_050100_aa.wav,693.818615917685,1.14928,0.0225085,7.69175406884274,vire_chiv,group 1
LEEC49__0__20161216_054600_aa.wav,845.846624002512,1.1512645,0.002965,5.18761212087833,vire_chiv,group 2
LEEC49__0__20161217_081400_aa.wav,425.857019870843,1.1467265,0.034643,7.39012863224342,vire_chiv,group 1
LEEC49__0__20161218_050100_aa.wav,858.01375329145,1.148889,0.025203,7.4597182638485,vire_chiv,group 2
LEEC49__0__20161218_054600_aa.wav,1259.89213656361,1.1161045,0.0915815,7.29978266644945,vire_chiv,group 4
LEEC49__0__20161219_064400_aa.wav,625.069306677868,1.1482065,0.027127,6.66379153140485,vire_chiv,group 1
LEEC49__0__20161220_054600_aa.wav,496.87396504975,0.802946,0.2989425,9.55903278460426,vire_chiv,group 1
LEEC49__0__20161221_051400_aa.wav,271.419193094411,1.14836,0.026555,7.06510487616276,vire_chiv,group 1
LEEC49__0__20161221_064400_aa.wav,3102.99560082563,1.1404585,0.0508665,7.26694063257775,vire_chiv,group 5
LEEC49__0__20170121_063100_br.wav,7366.83914501856,1.0142055,0.198107,9.41138841847704,vire_chiv,group 5
LEEC49__0__20170122_050100_br.wav,671.220264586487,0.9918175,0.2177965,7.9773762633406,vire_chiv,group 1
LEEC49__0__20170122_055900_br.wav,502.749508183518,1.150444,0.0148875,6.83183980333557,vire_chiv,group 1
LEEC49__0__20170125_063100_br.wav,927.289877043029,1.0312675,0.1771385,7.4073325657291,vire_chiv,group 3
LEEC49__0__20170126_055900_br.wav,768.543921622581,1.127749,0.079144,7.1278881998482,vire_chiv,group 2
